PID,Code,Generic,SID,UnitPrice,MarketShare,Y2011,Y2012,Y2013,Y2014,Y2015,Y2016,Y2017,Y2018,Y2019
9.0,4-FDC/RHZE-150/75/400/275-(B)-672,4-FDC/RHZE-150/75/400/275,3.0,0.06056547619047,0.0,0,0,0,1,1,0,0,0,0
9.0,4-FDC/RHZE-150/75/400/275-(B)-672,4-FDC/RHZE-150/75/400/275,3.0,0.06071428571428,0.0,0,0,0,1,1,0,0,0,0
9.0,4-FDC/RHZE-150/75/400/275-(B)-672,4-FDC/RHZE-150/75/400/275,3.0,0.06086309523809,0.0,0,0,0,1,1,0,0,0,0
9.0,4-FDC/RHZE-150/75/400/275-(B)-672,4-FDC/RHZE-150/75/400/275,3.0,0.06302083333333,60.0,0,1,1,0,0,0,0,0,0
9.0,4-FDC/RHZE-150/75/400/275-(B)-672,4-FDC/RHZE-150/75/400/275,3.0,0.06309523809523,60.0,0,1,1,0,0,0,0,0,0
9.0,4-FDC/RHZE-150/75/400/275-(B)-672,4-FDC/RHZE-150/75/400/275,3.0,0.06316964285714,60.0,0,1,1,0,0,0,0,0,0
9.0,4-FDC/RHZE-150/75/400/275-(B)-672,4-FDC/RHZE-150/75/400/275,3.0,0.06324404761904,60.0,0,1,1,0,0,0,0,0,0
9.0,4-FDC/RHZE-150/75/400/275-(B)-672,4-FDC/RHZE-150/75/400/275,3.0,0.0645238095238,30.0,0,0,0,0,0,0,0,1,0
9.0,4-FDC/RHZE-150/75/400/275-(B)-672,4-FDC/RHZE-150/75/400/275,3.0,0.06511904761904,30.0,0,0,0,0,0,0,0,1,0
9.0,4-FDC/RHZE-150/75/400/275-(B)-672,4-FDC/RHZE-150/75/400/275,3.0,0.06541666666666,30.0,0,0,0,0,0,0,0,1,0
9.0,4-FDC/RHZE-150/75/400/275-(B)-672,4-FDC/RHZE-150/75/400/275,4.0,0.06058035714285,0.0,0,0,0,1,1,0,0,0,0
9.0,4-FDC/RHZE-150/75/400/275-(B)-672,4-FDC/RHZE-150/75/400/275,4.0,0.06075892857142,55.0,0,0,0,0,0,1,1,0,0
9.0,4-FDC/RHZE-150/75/400/275-(B)-672,4-FDC/RHZE-150/75/400/275,4.0,0.06102678571428,2.0,1,0,0,0,0,0,0,0,0
9.0,4-FDC/RHZE-150/75/400/275-(B)-672,4-FDC/RHZE-150/75/400/275,4.0,0.06129464285714,2.0,1,0,0,0,0,0,0,0,0
9.0,4-FDC/RHZE-150/75/400/275-(B)-672,4-FDC/RHZE-150/75/400/275,4.0,0.06147321428571,25.0,0,1,1,0,0,0,0,0,0
9.0,4-FDC/RHZE-150/75/400/275-(B)-672,4-FDC/RHZE-150/75/400/275,4.0,0.06150297619047,25.0,0,1,1,0,0,0,0,0,0
9.0,4-FDC/RHZE-150/75/400/275-(B)-672,4-FDC/RHZE-150/75/400/275,4.0,0.06153273809523,25.0,0,1,1,0,0,0,0,0,0
9.0,4-FDC/RHZE-150/75/400/275-(B)-672,4-FDC/RHZE-150/75/400/275,4.0,0.06162202380952,2.0,1,0,0,0,0,0,0,0,0
9.0,4-FDC/RHZE-150/75/400/275-(B)-672,4-FDC/RHZE-150/75/400/275,4.0,0.06181547619047,2.0,1,0,0,0,0,0,0,0,0
9.0,4-FDC/RHZE-150/75/400/275-(B)-672,4-FDC/RHZE-150/75/400/275,4.0,0.06742559523809,50.0,0,0,0,0,0,0,0,1,0
9.0,4-FDC/RHZE-150/75/400/275-(B)-672,4-FDC/RHZE-150/75/400/275,5.0,0.05863095238095,0.0,0,0,0,1,1,0,0,0,0
9.0,4-FDC/RHZE-150/75/400/275-(B)-672,4-FDC/RHZE-150/75/400/275,5.0,0.06043154761904,2.0,1,0,0,0,0,0,0,0,0
9.0,4-FDC/RHZE-150/75/400/275-(B)-672,4-FDC/RHZE-150/75/400/275,5.0,0.06175595238095,45.0,0,0,0,0,0,1,1,0,0
9.0,4-FDC/RHZE-150/75/400/275-(B)-672,4-FDC/RHZE-150/75/400/275,5.0,0.06178571428571,45.0,0,0,0,0,0,1,1,0,0
9.0,4-FDC/RHZE-150/75/400/275-(B)-672,4-FDC/RHZE-150/75/400/275,5.0,0.06181547619047,45.0,0,0,0,0,0,1,1,0,0
9.0,4-FDC/RHZE-150/75/400/275-(B)-672,4-FDC/RHZE-150/75/400/275,5.0,0.06184523809523,45.0,0,0,0,0,0,1,1,0,0
9.0,4-FDC/RHZE-150/75/400/275-(B)-672,4-FDC/RHZE-150/75/400/275,5.0,0.06532738095238,15.0,0,1,1,0,0,0,0,0,0
9.0,4-FDC/RHZE-150/75/400/275-(B)-672,4-FDC/RHZE-150/75/400/275,5.0,0.06824404761904,20.0,0,0,0,0,0,0,0,1,0
9.0,4-FDC/RHZE-150/75/400/275-(B)-672,4-FDC/RHZE-150/75/400/275,5.0,0.0682738095238,20.0,0,0,0,0,0,0,0,1,0
9.0,4-FDC/RHZE-150/75/400/275-(B)-672,4-FDC/RHZE-150/75/400/275,5.0,0.06830357142857,20.0,0,0,0,0,0,0,0,1,0
9.0,4-FDC/RHZE-150/75/400/275-(B)-672,4-FDC/RHZE-150/75/400/275,5.0,0.06833333333333,20.0,0,0,0,0,0,0,0,1,0
9.0,4-FDC/RHZE-150/75/400/275-(B)-672,4-FDC/RHZE-150/75/400/275,8.0,0.06339285714285,1.0,1,0,0,0,0,0,0,0,0
9.0,4-FDC/RHZE-150/75/400/275-(B)-672,4-FDC/RHZE-150/75/400/275,8.0,0.0641369047619,1.0,1,0,0,0,0,0,0,0,0
9.0,4-FDC/RHZE-150/75/400/275-(B)-672,4-FDC/RHZE-150/75/400/275,8.0,0.06502976190476,1.0,1,0,0,0,0,0,0,0,0
9.0,4-FDC/RHZE-150/75/400/275-(B)-672,4-FDC/RHZE-150/75/400/275,8.0,0.07083333333333,0.0,0,1,1,0,0,0,0,0,0
9.0,4-FDC/RHZE-150/75/400/275-(B)-672,4-FDC/RHZE-150/75/400/275,8.0,0.07127976190476,0.0,0,1,1,0,0,0,0,0,0
9.0,4-FDC/RHZE-150/75/400/275-(B)-672,4-FDC/RHZE-150/75/400/275,8.0,0.07180059523809,0.0,0,1,1,0,0,0,0,0,0
9.0,4-FDC/RHZE-150/75/400/275-(B)-672,4-FDC/RHZE-150/75/400/275,9.0,0.0595238095238,0.0,0,0,0,0,0,0,0,1,0
9.0,4-FDC/RHZE-150/75/400/275-(B)-672,4-FDC/RHZE-150/75/400/275,60.0,0.05961309523809,10.0,0,0,0,0,0,0,0,1,0
11.0,3-FDC/RHE-150/75/275-(B)-672,3-FDC/RHE-150/75/275,3.0,0.0453869047619,0.0,0,0,0,1,1,0,0,0,0
11.0,3-FDC/RHE-150/75/275-(B)-672,3-FDC/RHE-150/75/275,3.0,0.0454613095238,0.0,0,0,0,1,1,0,0,0,0
11.0,3-FDC/RHE-150/75/275-(B)-672,3-FDC/RHE-150/75/275,3.0,0.04553571428571,0.0,0,0,0,1,1,0,0,0,0
11.0,3-FDC/RHE-150/75/275-(B)-672,3-FDC/RHE-150/75/275,3.0,0.04665178571428,100.0,0,1,1,0,0,0,0,0,0
11.0,3-FDC/RHE-150/75/275-(B)-672,3-FDC/RHE-150/75/275,3.0,0.04672619047619,100.0,0,1,1,0,0,0,0,0,0
11.0,3-FDC/RHE-150/75/275-(B)-672,3-FDC/RHE-150/75/275,3.0,0.04680059523809,100.0,0,1,1,0,0,0,0,0,0
11.0,3-FDC/RHE-150/75/275-(B)-672,3-FDC/RHE-150/75/275,3.0,0.046875,100.0,0,1,1,0,0,0,0,0,0
11.0,3-FDC/RHE-150/75/275-(B)-672,3-FDC/RHE-150/75/275,3.0,0.04910714285714,50.0,0,0,0,0,0,0,0,1,0
11.0,3-FDC/RHE-150/75/275-(B)-672,3-FDC/RHE-150/75/275,3.0,0.04955357142857,50.0,0,0,0,0,0,0,0,1,0
11.0,3-FDC/RHE-150/75/275-(B)-672,3-FDC/RHE-150/75/275,3.0,0.04985119047619,50.0,0,0,0,0,0,0,0,1,0
11.0,3-FDC/RHE-150/75/275-(B)-672,3-FDC/RHE-150/75/275,4.0,0.04778273809523,1.0,1,0,0,0,0,0,0,0,0
11.0,3-FDC/RHE-150/75/275-(B)-672,3-FDC/RHE-150/75/275,4.0,0.04855654761904,0.0,0,1,1,0,0,0,0,0,0
11.0,3-FDC/RHE-150/75/275-(B)-672,3-FDC/RHE-150/75/275,4.0,0.04861607142857,0.0,0,1,1,0,0,0,0,0,0
11.0,3-FDC/RHE-150/75/275-(B)-672,3-FDC/RHE-150/75/275,4.0,0.04866071428571,0.0,0,1,1,0,0,0,0,0,0
11.0,3-FDC/RHE-150/75/275-(B)-672,3-FDC/RHE-150/75/275,4.0,0.04867559523809,0.0,0,1,1,0,0,0,0,0,0
11.0,3-FDC/RHE-150/75/275-(B)-672,3-FDC/RHE-150/75/275,4.0,0.0488988095238,1.0,1,0,0,0,0,0,0,0,0
11.0,3-FDC/RHE-150/75/275-(B)-672,3-FDC/RHE-150/75/275,4.0,0.04927083333333,1.0,1,0,0,0,0,0,0,0,0
11.0,3-FDC/RHE-150/75/275-(B)-672,3-FDC/RHE-150/75/275,4.0,0.04941964285714,0.0,0,0,0,1,1,0,0,0,0
11.0,3-FDC/RHE-150/75/275-(B)-672,3-FDC/RHE-150/75/275,4.0,0.04956845238095,55.0,0,0,0,0,0,1,1,0,0
11.0,3-FDC/RHE-150/75/275-(B)-672,3-FDC/RHE-150/75/275,4.0,0.05010416666666,1.0,1,0,0,0,0,0,0,0,0
11.0,3-FDC/RHE-150/75/275-(B)-672,3-FDC/RHE-150/75/275,4.0,0.05501488095238,30.0,0,0,0,0,0,0,0,1,0
11.0,3-FDC/RHE-150/75/275-(B)-672,3-FDC/RHE-150/75/275,5.0,0.04563988095238,0.0,0,0,0,1,1,0,0,0,0
11.0,3-FDC/RHE-150/75/275-(B)-672,3-FDC/RHE-150/75/275,5.0,0.04836309523809,45.0,0,0,0,0,0,1,1,0,0
11.0,3-FDC/RHE-150/75/275-(B)-672,3-FDC/RHE-150/75/275,5.0,0.04839285714285,45.0,0,0,0,0,0,1,1,0,0
11.0,3-FDC/RHE-150/75/275-(B)-672,3-FDC/RHE-150/75/275,5.0,0.04842261904761,45.0,0,0,0,0,0,1,1,0,0
11.0,3-FDC/RHE-150/75/275-(B)-672,3-FDC/RHE-150/75/275,5.0,0.04845238095238,45.0,0,0,0,0,0,1,1,0,0
11.0,3-FDC/RHE-150/75/275-(B)-672,3-FDC/RHE-150/75/275,5.0,0.05392857142857,20.0,0,0,0,0,0,0,0,1,0
11.0,3-FDC/RHE-150/75/275-(B)-672,3-FDC/RHE-150/75/275,5.0,0.05395833333333,20.0,0,0,0,0,0,0,0,1,0
11.0,3-FDC/RHE-150/75/275-(B)-672,3-FDC/RHE-150/75/275,5.0,0.05398809523809,20.0,0,0,0,0,0,0,0,1,0
11.0,3-FDC/RHE-150/75/275-(B)-672,3-FDC/RHE-150/75/275,5.0,0.05401785714285,20.0,0,0,0,0,0,0,0,1,0
11.0,3-FDC/RHE-150/75/275-(B)-672,3-FDC/RHE-150/75/275,5.0,0.07470238095238,0.0,0,1,1,0,0,0,0,0,0
11.0,3-FDC/RHE-150/75/275-(B)-672,3-FDC/RHE-150/75/275,5.0,0.07971726190476,2.0,1,0,0,0,0,0,0,0,0
13.0,2-FDC/RH-150/75-(B)-672,2-FDC/RH-150/75,3.0,0.02901785714285,0.0,0,0,0,1,1,0,0,0,0
13.0,2-FDC/RH-150/75-(B)-672,2-FDC/RH-150/75,3.0,0.02909226190476,0.0,0,0,0,1,1,0,0,0,0
13.0,2-FDC/RH-150/75-(B)-672,2-FDC/RH-150/75,3.0,0.02916666666666,0.0,0,0,0,1,1,0,0,0,0
13.0,2-FDC/RH-150/75-(B)-672,2-FDC/RH-150/75,3.0,0.03032738095238,30.0,0,0,0,0,0,0,0,1,0
13.0,2-FDC/RH-150/75-(B)-672,2-FDC/RH-150/75,3.0,0.03092261904761,30.0,0,0,0,0,0,0,0,1,0
13.0,2-FDC/RH-150/75-(B)-672,2-FDC/RH-150/75,3.0,0.03122023809523,30.0,0,0,0,0,0,0,0,1,0
13.0,2-FDC/RH-150/75-(B)-672,2-FDC/RH-150/75,3.0,0.0313244047619,25.0,0,1,1,0,0,0,0,0,0
13.0,2-FDC/RH-150/75-(B)-672,2-FDC/RH-150/75,3.0,0.0313988095238,25.0,0,1,1,0,0,0,0,0,0
13.0,2-FDC/RH-150/75-(B)-672,2-FDC/RH-150/75,3.0,0.03147321428571,25.0,0,1,1,0,0,0,0,0,0
13.0,2-FDC/RH-150/75-(B)-672,2-FDC/RH-150/75,3.0,0.03154761904761,25.0,0,1,1,0,0,0,0,0,0
13.0,2-FDC/RH-150/75-(B)-672,2-FDC/RH-150/75,4.0,0.02867559523809,2.0,1,0,0,0,0,0,0,0,0
13.0,2-FDC/RH-150/75-(B)-672,2-FDC/RH-150/75,4.0,0.02883928571428,2.0,1,0,0,0,0,0,0,0,0
13.0,2-FDC/RH-150/75-(B)-672,2-FDC/RH-150/75,4.0,0.02891369047619,2.0,1,0,0,0,0,0,0,0,0
13.0,2-FDC/RH-150/75-(B)-672,2-FDC/RH-150/75,4.0,0.02900297619047,2.0,1,0,0,0,0,0,0,0,0
13.0,2-FDC/RH-150/75-(B)-672,2-FDC/RH-150/75,4.0,0.0292113095238,15.0,0,1,1,0,0,0,0,0,0
13.0,2-FDC/RH-150/75-(B)-672,2-FDC/RH-150/75,4.0,0.02927083333333,0.0,0,0,0,1,1,0,0,0,0
13.0,2-FDC/RH-150/75-(B)-672,2-FDC/RH-150/75,4.0,0.02927083333333,15.0,0,1,1,0,0,0,0,0,0
13.0,2-FDC/RH-150/75-(B)-672,2-FDC/RH-150/75,4.0,0.02933035714285,15.0,0,1,1,0,0,0,0,0,0
13.0,2-FDC/RH-150/75-(B)-672,2-FDC/RH-150/75,4.0,0.0294494047619,50.0,0,0,0,0,0,1,1,0,0
13.0,2-FDC/RH-150/75-(B)-672,2-FDC/RH-150/75,4.0,0.03275297619047,50.0,0,0,0,0,0,0,0,1,0
13.0,2-FDC/RH-150/75-(B)-672,2-FDC/RH-150/75,5.0,0.02688988095238,0.0,0,0,0,1,1,0,0,0,0
13.0,2-FDC/RH-150/75-(B)-672,2-FDC/RH-150/75,5.0,0.02836309523809,2.0,1,0,0,0,0,0,0,0,0
13.0,2-FDC/RH-150/75-(B)-672,2-FDC/RH-150/75,5.0,0.0285863095238,30.0,0,0,0,0,0,1,1,0,0
13.0,2-FDC/RH-150/75-(B)-672,2-FDC/RH-150/75,5.0,0.02860119047619,30.0,0,0,0,0,0,1,1,0,0
13.0,2-FDC/RH-150/75-(B)-672,2-FDC/RH-150/75,5.0,0.02861607142857,30.0,0,0,0,0,0,1,1,0,0
13.0,2-FDC/RH-150/75-(B)-672,2-FDC/RH-150/75,5.0,0.02863095238095,30.0,0,0,0,0,0,1,1,0,0
13.0,2-FDC/RH-150/75-(B)-672,2-FDC/RH-150/75,5.0,0.03010416666666,60.0,0,1,1,0,0,0,0,0,0
13.0,2-FDC/RH-150/75-(B)-672,2-FDC/RH-150/75,5.0,0.03212797619047,0.0,0,0,0,0,0,0,0,1,0
13.0,2-FDC/RH-150/75-(B)-672,2-FDC/RH-150/75,5.0,0.03215773809523,0.0,0,0,0,0,0,0,0,1,0
13.0,2-FDC/RH-150/75-(B)-672,2-FDC/RH-150/75,5.0,0.0321875,0.0,0,0,0,0,0,0,0,1,0
13.0,2-FDC/RH-150/75-(B)-672,2-FDC/RH-150/75,5.0,0.03221726190476,0.0,0,0,0,0,0,0,0,1,0
13.0,2-FDC/RH-150/75-(B)-672,2-FDC/RH-150/75,8.0,0.02813988095238,20.0,0,0,0,0,0,1,0,0,0
13.0,2-FDC/RH-150/75-(B)-672,2-FDC/RH-150/75,8.0,0.02842261904761,1.0,1,0,0,0,0,0,0,0,0
13.0,2-FDC/RH-150/75-(B)-672,2-FDC/RH-150/75,8.0,0.02842261904761,20.0,0,0,0,0,0,1,0,0,0
13.0,2-FDC/RH-150/75-(B)-672,2-FDC/RH-150/75,8.0,0.02898809523809,20.0,0,0,0,0,0,1,0,0,0
13.0,2-FDC/RH-150/75-(B)-672,2-FDC/RH-150/75,8.0,0.02916666666666,1.0,1,0,0,0,0,0,0,0,0
13.0,2-FDC/RH-150/75-(B)-672,2-FDC/RH-150/75,8.0,0.02956845238095,20.0,0,0,0,0,0,1,0,0,0
13.0,2-FDC/RH-150/75-(B)-672,2-FDC/RH-150/75,8.0,0.02991071428571,1.0,1,0,0,0,0,0,0,0,0
13.0,2-FDC/RH-150/75-(B)-672,2-FDC/RH-150/75,8.0,0.03377976190476,0.0,0,1,1,0,0,0,0,0,0
13.0,2-FDC/RH-150/75-(B)-672,2-FDC/RH-150/75,8.0,0.03407738095238,0.0,0,1,1,0,0,0,0,0,0
13.0,2-FDC/RH-150/75-(B)-672,2-FDC/RH-150/75,8.0,0.03459821428571,0.0,0,1,1,0,0,0,0,0,0
13.0,2-FDC/RH-150/75-(B)-672,2-FDC/RH-150/75,9.0,0.02842261904761,20.0,0,0,0,0,0,1,1,0,0
13.0,2-FDC/RH-150/75-(B)-672,2-FDC/RH-150/75,9.0,0.02898809523809,20.0,0,0,0,0,0,1,1,0,0
13.0,2-FDC/RH-150/75-(B)-672,2-FDC/RH-150/75,9.0,0.02943452380952,0.0,0,0,0,0,0,0,0,1,0
13.0,2-FDC/RH-150/75-(B)-672,2-FDC/RH-150/75,9.0,0.02956845238095,20.0,0,0,0,0,0,1,1,0,0
13.0,2-FDC/RH-150/75-(B)-672,2-FDC/RH-150/75,54.0,0.03377976190476,0.0,0,1,1,0,0,0,0,0,0
15.0,2-FDC/RH-150/150-(B)-672,2-FDC/RH-150/150,4.0,0.0342113095238,100.0,0,1,1,0,0,0,0,0,0
15.0,2-FDC/RH-150/150-(B)-672,2-FDC/RH-150/150,4.0,0.03427083333333,100.0,0,1,1,0,0,0,0,0,0
15.0,2-FDC/RH-150/150-(B)-672,2-FDC/RH-150/150,4.0,0.03430059523809,100.0,0,1,1,0,0,0,0,0,0
15.0,2-FDC/RH-150/150-(B)-672,2-FDC/RH-150/150,4.0,0.03486607142857,0.0,0,0,0,1,1,0,0,0,0
15.0,2-FDC/RH-150/150-(B)-672,2-FDC/RH-150/150,4.0,0.03498511904761,100.0,0,0,0,0,0,1,1,0,0
17.0,2-FDC/EH-400/150-(B)-672,2-FDC/EH-400/150,4.0,0.03305059523809,100.0,0,1,1,0,0,0,0,0,0
17.0,2-FDC/EH-400/150-(B)-672,2-FDC/EH-400/150,4.0,0.03311011904761,100.0,0,1,1,0,0,0,0,0,0
17.0,2-FDC/EH-400/150-(B)-672,2-FDC/EH-400/150,4.0,0.03313988095238,100.0,0,1,1,0,0,0,0,0,0
17.0,2-FDC/EH-400/150-(B)-672,2-FDC/EH-400/150,4.0,0.04081845238095,0.0,0,0,0,1,1,0,0,0,0
17.0,2-FDC/EH-400/150-(B)-672,2-FDC/EH-400/150,4.0,0.0409375,0.0,0,0,0,0,0,1,1,0,0
17.0,2-FDC/EH-400/150-(B)-672,2-FDC/EH-400/150,5.0,0.04464285714285,0.0,0,0,0,1,1,0,0,0,0
17.0,2-FDC/EH-400/150-(B)-672,2-FDC/EH-400/150,5.0,0.04520833333333,0.0,0,1,1,0,0,0,0,0,0
17.0,2-FDC/EH-400/150-(B)-672,2-FDC/EH-400/150,5.0,0.05032738095238,0.0,0,0,0,0,0,1,1,0,0
17.0,2-FDC/EH-400/150-(B)-672,2-FDC/EH-400/150,7.0,0.03013392857142,1.0,1,0,0,0,0,0,0,0,0
17.0,2-FDC/EH-400/150-(B)-672,2-FDC/EH-400/150,7.0,0.03029761904761,1.0,1,0,0,0,0,0,0,0,0
17.0,2-FDC/EH-400/150-(B)-672,2-FDC/EH-400/150,7.0,0.03061011904761,1.0,1,0,0,0,0,0,0,0,0
17.0,2-FDC/EH-400/150-(B)-672,2-FDC/EH-400/150,7.0,0.03095238095238,1.0,1,0,0,0,0,0,0,0,0
17.0,2-FDC/EH-400/150-(B)-672,2-FDC/EH-400/150,7.0,0.03114583333333,1.0,1,0,0,0,0,0,0,0,0
17.0,2-FDC/EH-400/150-(B)-672,2-FDC/EH-400/150,7.0,0.04464285714285,100.0,0,0,0,0,0,1,1,0,0
17.0,2-FDC/EH-400/150-(B)-672,2-FDC/EH-400/150,7.0,0.04516369047619,0.0,0,1,1,0,0,0,0,0,0
17.0,2-FDC/EH-400/150-(B)-672,2-FDC/EH-400/150,7.0,0.04613095238095,0.0,0,1,1,0,0,0,0,0,0
17.0,2-FDC/EH-400/150-(B)-672,2-FDC/EH-400/150,7.0,0.04971726190476,0.0,0,0,0,1,1,0,0,0,0
17.0,2-FDC/EH-400/150-(B)-672,2-FDC/EH-400/150,7.0,0.04988095238095,0.0,0,0,0,1,1,0,0,0,0
17.0,2-FDC/EH-400/150-(B)-672,2-FDC/EH-400/150,7.0,0.0500744047619,0.0,0,0,0,1,1,0,0,0,0
17.0,2-FDC/EH-400/150-(B)-672,2-FDC/EH-400/150,7.0,0.0503125,0.0,0,0,0,1,1,0,0,0,0
19.0,E-400-(B)-672,E-400,3.0,0.02901785714285,60.0,0,0,0,0,0,0,0,1,0
19.0,E-400-(B)-672,E-400,3.0,0.02946428571428,60.0,0,0,0,0,0,0,0,1,0
19.0,E-400-(B)-672,E-400,3.0,0.0297619047619,0.0,0,0,0,1,1,0,0,0,0
19.0,E-400-(B)-672,E-400,3.0,0.0297619047619,60.0,0,0,0,0,0,0,0,1,0
19.0,E-400-(B)-672,E-400,3.0,0.0298363095238,0.0,0,0,0,1,1,0,0,0,0
19.0,E-400-(B)-672,E-400,3.0,0.02991071428571,0.0,0,0,0,1,1,0,0,0,0
19.0,E-400-(B)-672,E-400,4.0,0.0300744047619,0.0,0,0,0,1,1,0,0,0,0
19.0,E-400-(B)-672,E-400,4.0,0.03019345238095,45.0,0,0,0,0,0,1,1,0,0
19.0,E-400-(B)-672,E-400,4.0,0.03394345238095,40.0,0,0,0,0,0,0,0,1,0
19.0,E-400-(B)-672,E-400,5.0,0.0297619047619,0.0,0,0,0,1,1,0,0,0,0
19.0,E-400-(B)-672,E-400,5.0,0.02979166666666,55.0,0,0,0,0,0,1,1,0,0
19.0,E-400-(B)-672,E-400,5.0,0.02980654761904,55.0,0,0,0,0,0,1,1,0,0
19.0,E-400-(B)-672,E-400,5.0,0.02982142857142,55.0,0,0,0,0,0,1,1,0,0
19.0,E-400-(B)-672,E-400,5.0,0.0298363095238,55.0,0,0,0,0,0,1,1,0,0
19.0,E-400-(B)-672,E-400,5.0,0.03465773809523,0.0,0,0,0,0,0,0,0,0,0
19.0,E-400-(B)-672,E-400,5.0,0.03586309523809,0.0,0,0,0,0,0,0,0,1,0
19.0,E-400-(B)-672,E-400,5.0,0.03824404761904,0.0,0,1,1,0,0,0,0,0,0
19.0,E-400-(B)-672,E-400,7.0,0.02596726190476,1.0,1,0,0,0,0,0,0,0,0
19.0,E-400-(B)-672,E-400,7.0,0.02619047619047,1.0,1,0,0,0,0,0,0,0,0
19.0,E-400-(B)-672,E-400,7.0,0.02678571428571,1.0,1,0,0,0,0,0,0,0,0
19.0,E-400-(B)-672,E-400,7.0,0.02723214285714,1.0,1,0,0,0,0,0,0,0,0
19.0,E-400-(B)-672,E-400,7.0,0.02767857142857,1.0,1,0,0,0,0,0,0,0,0
19.0,E-400-(B)-672,E-400,7.0,0.03273809523809,0.0,0,0,0,0,0,1,1,0,0
19.0,E-400-(B)-672,E-400,7.0,0.03273809523809,100.0,0,1,1,0,0,0,0,0,0
19.0,E-400-(B)-672,E-400,7.0,0.03303571428571,100.0,0,1,1,0,0,0,0,0,0
19.0,E-400-(B)-672,E-400,7.0,0.03348214285714,100.0,0,1,1,0,0,0,0,0,0
19.0,E-400-(B)-672,E-400,62.0,0.04315476190476,0.0,0,0,0,0,0,1,0,0,0
19.0,E-400-(B)-672,E-400,62.0,0.04910714285714,0.0,0,0,0,0,0,1,0,0,0
21.0,H-300-(B)-672,H-300,5.0,0.01898809523809,0.0,0,0,0,1,1,0,0,0,0
21.0,H-300-(B)-672,H-300,5.0,0.02002976190476,60.0,0,0,0,0,0,0,0,1,0
21.0,H-300-(B)-672,H-300,5.0,0.02002976190476,100.0,0,0,0,0,0,1,0,0,0
21.0,H-300-(B)-672,H-300,5.0,0.02005952380952,60.0,0,0,0,0,0,0,0,1,0
21.0,H-300-(B)-672,H-300,5.0,0.02005952380952,100.0,0,0,0,0,0,1,0,0,0
21.0,H-300-(B)-672,H-300,5.0,0.02008928571428,60.0,0,0,0,0,0,0,0,1,0
21.0,H-300-(B)-672,H-300,5.0,0.02008928571428,100.0,0,0,0,0,0,1,0,0,0
21.0,H-300-(B)-672,H-300,5.0,0.02011904761904,60.0,0,0,0,0,0,0,0,1,0
21.0,H-300-(B)-672,H-300,5.0,0.02011904761904,100.0,0,0,0,0,0,1,0,0,0
21.0,H-300-(B)-672,H-300,5.0,0.02011904761904,100.0,0,1,1,0,0,0,0,0,0
21.0,H-300-(B)-672,H-300,7.0,0.02083333333333,0.0,0,0,0,0,0,1,0,0,0
21.0,H-300-(B)-672,H-300,60.0,0.0192113095238,40.0,0,0,0,0,0,0,0,1,0
23.0,Z-400-(B)-672,Z-400,5.0,0.0176488095238,0.0,0,0,0,0,0,0,0,0,0
23.0,Z-400-(B)-672,Z-400,5.0,0.01934523809523,0.0,0,0,0,1,1,0,0,0,0
23.0,Z-400-(B)-672,Z-400,5.0,0.0204613095238,65.0,0,1,1,0,0,0,0,0,0
23.0,Z-400-(B)-672,Z-400,5.0,0.02074404761904,55.0,0,0,0,0,0,1,1,0,0
23.0,Z-400-(B)-672,Z-400,5.0,0.02074404761904,100.0,0,0,0,0,0,0,0,1,0
23.0,Z-400-(B)-672,Z-400,5.0,0.0207738095238,55.0,0,0,0,0,0,1,1,0,0
23.0,Z-400-(B)-672,Z-400,5.0,0.0207738095238,100.0,0,0,0,0,0,0,0,1,0
23.0,Z-400-(B)-672,Z-400,5.0,0.02080357142857,55.0,0,0,0,0,0,1,1,0,0
23.0,Z-400-(B)-672,Z-400,5.0,0.02080357142857,100.0,0,0,0,0,0,0,0,1,0
23.0,Z-400-(B)-672,Z-400,5.0,0.02083333333333,55.0,0,0,0,0,0,1,1,0,0
23.0,Z-400-(B)-672,Z-400,5.0,0.02083333333333,100.0,0,0,0,0,0,0,0,1,0
23.0,Z-400-(B)-672,Z-400,7.0,0.01488095238095,1.0,1,0,0,0,0,0,0,0,0
23.0,Z-400-(B)-672,Z-400,7.0,0.01517857142857,1.0,1,0,0,0,0,0,0,0,0
23.0,Z-400-(B)-672,Z-400,7.0,0.015625,1.0,1,0,0,0,0,0,0,0,0
23.0,Z-400-(B)-672,Z-400,7.0,0.01599702380952,1.0,1,0,0,0,0,0,0,0,0
23.0,Z-400-(B)-672,Z-400,7.0,0.01636904761904,1.0,1,0,0,0,0,0,0,0,0
23.0,Z-400-(B)-672,Z-400,7.0,0.02083333333333,45.0,0,0,0,0,0,1,1,0,0
23.0,Z-400-(B)-672,Z-400,7.0,0.02113095238095,35.0,0,1,1,0,0,0,0,0,0
23.0,Z-400-(B)-672,Z-400,7.0,0.02157738095238,35.0,0,1,1,0,0,0,0,0,0
23.0,Z-400-(B)-672,Z-400,7.0,0.02232142857142,35.0,0,1,1,0,0,0,0,0,0
23.0,Z-400-(B)-672,Z-400,7.0,0.02309523809523,0.0,0,0,0,1,1,0,0,0,0
23.0,Z-400-(B)-672,Z-400,7.0,0.02328869047619,0.0,0,0,0,1,1,0,0,0,0
23.0,Z-400-(B)-672,Z-400,7.0,0.02342261904761,0.0,0,0,0,1,1,0,0,0,0
23.0,Z-400-(B)-672,Z-400,7.0,0.0235119047619,0.0,0,0,0,1,1,0,0,0,0
23.0,Z-400-(B)-672,Z-400,60.0,0.0192113095238,0.0,0,0,0,0,0,0,0,1,0
23.0,Z-400-(B)-672,Z-400,62.0,0.03869047619047,0.0,0,0,0,0,0,1,0,0,0
23.0,Z-400-(B)-672,Z-400,62.0,0.03943452380952,0.0,0,0,0,0,0,1,0,0,0
33.0,2-FDC/RH-60/30-(B)-84 (3x28),2-FDC/RH-60/30,4.0,0.01773809523809,0.0,1,0,0,0,0,0,0,0,0
33.0,2-FDC/RH-60/30-(B)-84 (3x28),2-FDC/RH-60/30,4.0,0.01821428571428,1.0,1,0,0,0,0,0,0,0,0
33.0,2-FDC/RH-60/30-(B)-84 (3x28),2-FDC/RH-60/30,4.0,0.01928571428571,1.0,1,0,0,0,0,0,0,0,0
33.0,2-FDC/RH-60/30-(B)-84 (3x28),2-FDC/RH-60/30,4.0,0.02071428571428,1.0,1,0,0,0,0,0,0,0,0
33.0,2-FDC/RH-60/30-(B)-84 (3x28),2-FDC/RH-60/30,4.0,0.02178571428571,1.0,1,0,0,0,0,0,0,0,0
33.0,2-FDC/RH-60/30-(B)-84 (3x28),2-FDC/RH-60/30,5.0,0.01583333333333,0.0,0,0,0,0,0,1,1,0,0
33.0,2-FDC/RH-60/30-(B)-84 (3x28),2-FDC/RH-60/30,5.0,0.0175,65.0,0,1,1,0,0,0,0,0,0
33.0,2-FDC/RH-60/30-(B)-84 (3x28),2-FDC/RH-60/30,5.0,0.04761904761904,2.0,1,0,0,0,0,0,0,0,0
39.0,PAS-(H)-4-(S)-30,PAS-(H)-4,14.0,1.33333333333333,0.0,0,0,0,0,0,1,1,0,0
39.0,PAS-(H)-4-(S)-30,PAS-(H)-4,14.0,1.33333333333333,0.0,0,0,0,0,1,0,0,0,0
39.0,PAS-(H)-4-(S)-30,PAS-(H)-4,14.0,1.33333333333333,0.0,0,0,0,1,0,0,0,0,0
39.0,PAS-(H)-4-(S)-30,PAS-(H)-4,14.0,1.33333333333333,0.0,0,1,1,0,0,0,0,0,0
39.0,PAS-(H)-4-(S)-30,PAS-(H)-4,14.0,1.33333333333333,100.0,0,0,0,0,0,0,0,1,0
39.0,PAS-(H)-4-(S)-30,PAS-(H)-4,14.0,1.43333333333333,0.0,0,1,1,0,0,0,0,0,0
39.0,PAS-(H)-4-(S)-30,PAS-(H)-4,14.0,1.53333333333333,0.0,0,1,1,0,0,0,0,0,0
40.0,Km-1-(V)-50,Km-1,5.0,0.92,0.0,0,0,0,0,0,1,0,0,0
40.0,Km-1-(V)-50,Km-1,5.0,0.92,100.0,0,0,0,0,0,0,0,1,0
40.0,Km-1-(V)-50,Km-1,11.0,0.68,0.0,0,0,0,0,0,0,0,1,0
40.0,Km-1-(V)-50,Km-1,11.0,0.7692,0.0,1,0,0,0,0,0,0,0,0
40.0,Km-1-(V)-50,Km-1,11.0,0.7914,0.0,1,0,0,0,0,0,0,0,0
40.0,Km-1-(V)-50,Km-1,11.0,0.8106,0.0,1,0,0,0,0,0,0,0,0
40.0,Km-1-(V)-50,Km-1,11.0,0.826,0.0,0,1,1,0,0,0,0,0,0
40.0,Km-1-(V)-50,Km-1,11.0,0.8368,0.0,1,0,0,0,0,0,0,0,0
40.0,Km-1-(V)-50,Km-1,11.0,0.8622,0.0,0,1,1,0,0,0,0,0,0
40.0,Km-1-(V)-50,Km-1,11.0,0.9,0.0,0,0,0,1,0,0,0,0,0
40.0,Km-1-(V)-50,Km-1,11.0,1.0,0.0,0,0,0,0,1,0,0,0,0
40.0,Km-1-(V)-50,Km-1,11.0,1.6716,0.0,0,0,0,0,1,0,0,0,0
40.0,Km-1-(V)-50,Km-1,11.0,1.7212,0.0,0,0,0,0,1,0,0,0,0
40.0,Km-1-(V)-50,Km-1,11.0,2.25,0.0,0,0,0,0,0,1,0,0,0
40.0,Km-1-(V)-50,Km-1,28.0,0.7692,0.0,1,0,0,0,0,0,0,0,0
41.0,Cs-250-(B)-100,Cs-250,4.0,0.4078,0.0,0,1,1,0,0,0,0,0,0
41.0,Cs-250-(B)-100,Cs-250,5.0,0.187,0.0,0,0,0,0,0,0,0,1,0
41.0,Cs-250-(B)-100,Cs-250,5.0,0.187,0.0,0,0,0,0,1,0,0,0,0
41.0,Cs-250-(B)-100,Cs-250,5.0,0.268,0.0,0,0,0,0,0,1,1,0,0
41.0,Cs-250-(B)-100,Cs-250,5.0,0.268,60.0,0,0,0,0,0,0,0,1,0
41.0,Cs-250-(B)-100,Cs-250,5.0,0.43,0.0,0,0,0,1,0,0,0,0,0
41.0,Cs-250-(B)-100,Cs-250,5.0,0.43,0.0,0,1,1,0,0,0,0,0,0
41.0,Cs-250-(B)-100,Cs-250,5.0,0.5909,100.0,1,0,0,0,0,0,0,0,0
41.0,Cs-250-(B)-100,Cs-250,13.0,0.111,0.0,0,0,0,0,0,0,0,1,0
41.0,Cs-250-(B)-100,Cs-250,26.0,0.1925,10.0,0,0,0,0,0,0,0,1,0
41.0,Cs-250-(B)-100,Cs-250,26.0,0.1955,10.0,0,0,0,0,0,0,0,1,0
41.0,Cs-250-(B)-100,Cs-250,26.0,0.1995,10.0,0,0,0,0,0,0,0,1,0
41.0,Cs-250-(B)-100,Cs-250,61.0,0.2157,0.0,0,0,0,0,1,0,0,0,0
41.0,Cs-250-(B)-100,Cs-250,61.0,0.263,40.0,0,0,0,0,0,0,0,1,0
41.0,Cs-250-(B)-100,Cs-250,61.0,0.288,0.0,0,0,0,0,0,1,1,0,0
41.0,Cs-250-(B)-100,Cs-250,61.0,0.42,0.0,0,0,0,0,1,0,0,0,0
41.0,Cs-250-(B)-100,Cs-250,61.0,0.42,0.0,0,0,0,1,0,0,0,0,0
41.0,Cs-250-(B)-100,Cs-250,61.0,0.48,0.0,0,0,0,0,0,0,0,0,0
41.0,Cs-250-(B)-100,Cs-250,61.0,0.48,0.0,0,1,1,0,0,0,0,0,0
41.0,Cs-250-(B)-100,Cs-250,61.0,0.5,0.0,0,1,1,0,0,0,0,0,0
41.0,Cs-250-(B)-100,Cs-250,61.0,0.52,0.0,0,1,1,0,0,0,0,0,0
41.0,Cs-250-(B)-100,Cs-250,80.0,0.1865,0.0,0,0,0,0,0,1,0,0,0
41.0,Cs-250-(B)-100,Cs-250,80.0,0.1965,0.0,0,0,0,0,0,1,0,0,0
42.0,Cm-1-(V)-1,Cm-1,5.0,3.31,60.0,0,0,0,0,0,0,0,1,0
42.0,Cm-1-(V)-1,Cm-1,5.0,4.5,0.0,0,0,0,0,0,1,1,0,0
42.0,Cm-1-(V)-1,Cm-1,51.0,6.25,0.0,0,0,0,1,0,0,0,0,0
42.0,Cm-1-(V)-1,Cm-1,51.0,6.25,0.0,0,1,1,0,0,0,0,0,0
42.0,Cm-1-(V)-1,Cm-1,51.0,8.0,0.0,1,0,0,0,0,0,0,0,0
42.0,Cm-1-(V)-1,Cm-1,57.0,3.31,0.0,0,0,0,0,0,0,0,1,0
42.0,Cm-1-(V)-1,Cm-1,57.0,3.8,0.0,0,0,0,0,0,0,0,1,0
42.0,Cm-1-(V)-1,Cm-1,57.0,3.85,0.0,0,0,0,0,0,0,0,1,0
42.0,Cm-1-(V)-1,Cm-1,57.0,4.05,0.0,0,0,0,0,0,1,1,0,0
42.0,Cm-1-(V)-1,Cm-1,57.0,4.35,0.0,0,0,0,0,1,0,0,0,0
42.0,Cm-1-(V)-1,Cm-1,57.0,4.7,0.0,0,0,0,1,1,0,0,0,0
42.0,Cm-1-(V)-1,Cm-1,57.0,4.95,0.0,0,0,0,1,0,0,0,0,0
42.0,Cm-1-(V)-1,Cm-1,57.0,5.1,0.0,0,0,0,0,0,0,0,1,0
42.0,Cm-1-(V)-1,Cm-1,57.0,5.19,0.0,1,0,0,0,0,0,0,0,0
42.0,Cm-1-(V)-1,Cm-1,57.0,5.3,0.0,0,0,0,0,0,0,0,1,0
42.0,Cm-1-(V)-1,Cm-1,57.0,5.34,0.0,1,0,0,0,0,0,0,0,0
42.0,Cm-1-(V)-1,Cm-1,57.0,5.47,0.0,1,0,0,0,0,0,0,0,0
42.0,Cm-1-(V)-1,Cm-1,57.0,5.53,0.0,1,0,0,0,0,0,0,0,0
42.0,Cm-1-(V)-1,Cm-1,57.0,5.58,0.0,0,1,1,0,0,0,0,0,0
42.0,Cm-1-(V)-1,Cm-1,57.0,5.59,0.0,0,1,1,0,0,0,0,0,0
42.0,Cm-1-(V)-1,Cm-1,57.0,5.65,0.0,1,0,0,0,0,0,0,0,0
42.0,Cm-1-(V)-1,Cm-1,57.0,5.72,0.0,1,0,0,0,0,0,0,0,0
42.0,Cm-1-(V)-1,Cm-1,57.0,5.82,0.0,0,1,1,0,0,0,0,0,0
42.0,Cm-1-(V)-1,Cm-1,73.0,3.6,10.0,0,0,0,0,0,1,1,0,0
42.0,Cm-1-(V)-1,Cm-1,73.0,3.6,40.0,0,0,0,0,0,0,0,1,0
42.0,Cm-1-(V)-1,Cm-1,73.0,3.8,0.0,0,0,0,0,1,0,0,0,0
43.0,3-FDC/RHZ-60/30/150-(B)-84 (3x28),3-FDC/RHZ-60/30/150,4.0,0.02535714285714,0.0,1,0,0,0,0,0,0,0,0
43.0,3-FDC/RHZ-60/30/150-(B)-84 (3x28),3-FDC/RHZ-60/30/150,4.0,0.02607142857142,1.0,1,0,0,0,0,0,0,0,0
43.0,3-FDC/RHZ-60/30/150-(B)-84 (3x28),3-FDC/RHZ-60/30/150,4.0,0.02666666666666,1.0,1,0,0,0,0,0,0,0,0
43.0,3-FDC/RHZ-60/30/150-(B)-84 (3x28),3-FDC/RHZ-60/30/150,4.0,0.02821428571428,1.0,1,0,0,0,0,0,0,0,0
43.0,3-FDC/RHZ-60/30/150-(B)-84 (3x28),3-FDC/RHZ-60/30/150,4.0,0.02916666666666,1.0,1,0,0,0,0,0,0,0,0
43.0,3-FDC/RHZ-60/30/150-(B)-84 (3x28),3-FDC/RHZ-60/30/150,5.0,0.02333333333333,0.0,0,0,0,1,1,0,0,0,0
43.0,3-FDC/RHZ-60/30/150-(B)-84 (3x28),3-FDC/RHZ-60/30/150,5.0,0.02547619047619,65.0,0,1,1,0,0,0,0,0,0
43.0,3-FDC/RHZ-60/30/150-(B)-84 (3x28),3-FDC/RHZ-60/30/150,5.0,0.07142857142857,2.0,1,0,0,0,0,0,0,0,0
56.0,H-100-(B)-100 (10x10),H-100,3.0,0.0113,0.0,0,0,0,1,1,0,0,0,0
56.0,H-100-(B)-100 (10x10),H-100,4.0,0.0089,100.0,0,1,1,0,0,0,0,0,0
56.0,H-100-(B)-100 (10x10),H-100,4.0,0.0091,100.0,0,1,1,0,0,0,0,0,0
56.0,H-100-(B)-100 (10x10),H-100,4.0,0.0093,100.0,0,1,1,0,0,0,0,0,0
56.0,H-100-(B)-100 (10x10),H-100,4.0,0.0113,0.0,0,0,0,1,1,0,0,0,0
56.0,H-100-(B)-100 (10x10),H-100,4.0,0.0115,45.0,0,0,0,0,0,1,1,0,0
56.0,H-100-(B)-100 (10x10),H-100,4.0,0.0129,40.0,0,0,0,0,0,0,0,1,0
56.0,H-100-(B)-100 (10x10),H-100,5.0,0.0085,0.0,0,0,0,1,1,0,0,0,0
56.0,H-100-(B)-100 (10x10),H-100,5.0,0.011,55.0,0,0,0,0,0,1,1,0,0
56.0,H-100-(B)-100 (10x10),H-100,5.0,0.0111,55.0,0,0,0,0,0,1,1,0,0
56.0,H-100-(B)-100 (10x10),H-100,5.0,0.0112,55.0,0,0,0,0,0,1,1,0,0
56.0,H-100-(B)-100 (10x10),H-100,5.0,0.0113,55.0,0,0,0,0,0,1,1,0,0
56.0,H-100-(B)-100 (10x10),H-100,5.0,0.0115,0.0,0,1,1,0,0,0,0,0,0
56.0,H-100-(B)-100 (10x10),H-100,5.0,0.0119,60.0,0,0,0,0,0,0,0,1,0
56.0,H-100-(B)-100 (10x10),H-100,5.0,0.0121,60.0,0,0,0,0,0,0,0,1,0
56.0,H-100-(B)-100 (10x10),H-100,5.0,0.0123,60.0,0,0,0,0,0,0,0,1,0
56.0,H-100-(B)-100 (10x10),H-100,5.0,0.0125,60.0,0,0,0,0,0,0,0,1,0
56.0,H-100-(B)-100 (10x10),H-100,5.0,0.0202,1.0,1,0,0,0,0,0,0,0,0
56.0,H-100-(B)-100 (10x10),H-100,60.0,0.0109,10.0,0,0,0,0,0,0,0,1,0
56.0,H-100-(B)-100 (10x10),H-100,62.0,0.025,0.0,0,1,1,0,0,0,0,0,0
56.0,H-100-(B)-100 (10x10),H-100,62.0,0.0275,0.0,0,1,1,0,0,0,0,0,0
60.0,Lfx-250-(B)-100,Lfx-250,5.0,0.0275,60.0,0,0,0,0,0,0,0,1,0
60.0,Lfx-250-(B)-100,Lfx-250,5.0,0.0279,0.0,0,0,0,0,0,1,0,0,0
60.0,Lfx-250-(B)-100,Lfx-250,5.0,0.0331,0.0,0,0,0,0,1,0,0,0,0
60.0,Lfx-250-(B)-100,Lfx-250,5.0,0.05,0.0,1,0,0,0,0,0,0,0,0
60.0,Lfx-250-(B)-100,Lfx-250,13.0,0.0475,0.0,0,1,1,0,0,0,0,0,0
60.0,Lfx-250-(B)-100,Lfx-250,13.0,0.055,0.0,1,0,0,0,0,0,0,0,0
60.0,Lfx-250-(B)-100,Lfx-250,13.0,0.074,0.0,0,0,0,1,0,0,0,0,0
60.0,Lfx-250-(B)-100,Lfx-250,17.0,0.0369,0.0,0,0,0,0,0,1,0,0,0
60.0,Lfx-250-(B)-100,Lfx-250,17.0,0.0374,0.0,0,0,0,0,0,1,0,0,0
60.0,Lfx-250-(B)-100,Lfx-250,17.0,0.0378,0.0,0,0,0,0,0,0,0,1,0
60.0,Lfx-250-(B)-100,Lfx-250,17.0,0.0379,0.0,0,0,0,0,0,1,0,0,0
60.0,Lfx-250-(B)-100,Lfx-250,17.0,0.0381,0.0,0,0,0,0,1,0,0,0,0
60.0,Lfx-250-(B)-100,Lfx-250,17.0,0.0384,0.0,0,0,0,0,0,1,0,0,0
60.0,Lfx-250-(B)-100,Lfx-250,17.0,0.0386,0.0,0,0,0,0,1,0,0,0,0
60.0,Lfx-250-(B)-100,Lfx-250,17.0,0.0391,0.0,0,0,0,0,1,0,0,0,0
60.0,Lfx-250-(B)-100,Lfx-250,17.0,0.0396,0.0,0,0,0,0,1,0,0,0,0
60.0,Lfx-250-(B)-100,Lfx-250,17.0,0.0401,0.0,0,0,0,1,0,0,0,0,0
60.0,Lfx-250-(B)-100,Lfx-250,17.0,0.0408,0.0,0,0,0,1,0,0,0,0,0
60.0,Lfx-250-(B)-100,Lfx-250,17.0,0.0415,0.0,0,0,0,1,0,0,0,0,0
60.0,Lfx-250-(B)-100,Lfx-250,17.0,0.0421,0.0,0,0,0,1,0,0,0,0,0
60.0,Lfx-250-(B)-100,Lfx-250,60.0,0.0271,40.0,0,0,0,0,0,0,0,1,0
60.0,Lfx-250-(B)-100,Lfx-250,60.0,0.0841,0.0,0,0,0,1,0,0,0,0,0
60.0,Lfx-250-(B)-100,Lfx-250,60.0,0.0874,0.0,0,1,1,0,0,0,0,0,0
60.0,Lfx-250-(B)-100,Lfx-250,65.0,0.044,0.0,0,0,0,0,0,1,0,0,0
60.0,Lfx-250-(B)-100,Lfx-250,65.0,0.0514,0.0,0,1,1,0,0,0,0,0,0
60.0,Lfx-250-(B)-100,Lfx-250,65.0,0.055,0.0,0,0,0,0,1,0,0,0,0
61.0,Lfx-500-(B)-100,Lfx-500,5.0,0.0491,0.0,0,0,0,0,0,1,1,0,0
61.0,Lfx-500-(B)-100,Lfx-500,5.0,0.0495,60.0,0,0,0,0,0,0,0,1,0
61.0,Lfx-500-(B)-100,Lfx-500,5.0,0.0592,0.0,0,0,0,0,1,0,0,0,0
61.0,Lfx-500-(B)-100,Lfx-500,5.0,0.0785,0.0,1,0,0,0,0,0,0,0,0
61.0,Lfx-500-(B)-100,Lfx-500,13.0,0.075,0.0,0,1,1,0,0,0,0,0,0
61.0,Lfx-500-(B)-100,Lfx-500,13.0,0.0775,0.0,1,0,0,0,0,0,0,0,0
61.0,Lfx-500-(B)-100,Lfx-500,13.0,0.12,0.0,0,0,0,1,0,0,0,0,0
61.0,Lfx-500-(B)-100,Lfx-500,17.0,0.0622,0.0,0,0,0,0,0,1,1,0,0
61.0,Lfx-500-(B)-100,Lfx-500,17.0,0.0627,0.0,0,0,0,0,0,1,1,0,0
61.0,Lfx-500-(B)-100,Lfx-500,17.0,0.0632,0.0,0,0,0,0,0,1,1,0,0
61.0,Lfx-500-(B)-100,Lfx-500,17.0,0.0634,0.0,0,0,0,0,0,0,0,1,0
61.0,Lfx-500-(B)-100,Lfx-500,17.0,0.0637,0.0,0,0,0,0,0,1,1,0,0
61.0,Lfx-500-(B)-100,Lfx-500,17.0,0.0667,0.0,0,0,0,0,1,0,0,0,0
61.0,Lfx-500-(B)-100,Lfx-500,17.0,0.0672,0.0,0,0,0,0,1,0,0,0,0
61.0,Lfx-500-(B)-100,Lfx-500,17.0,0.0677,0.0,0,0,0,0,1,0,0,0,0
61.0,Lfx-500-(B)-100,Lfx-500,17.0,0.0682,0.0,0,0,0,0,1,0,0,0,0
61.0,Lfx-500-(B)-100,Lfx-500,60.0,0.0472,40.0,0,0,0,0,0,0,0,1,0
61.0,Lfx-500-(B)-100,Lfx-500,60.0,0.1621,0.0,0,0,0,1,0,0,0,0,0
61.0,Lfx-500-(B)-100,Lfx-500,60.0,0.163,0.0,0,1,1,0,0,0,0,0,0
61.0,Lfx-500-(B)-100,Lfx-500,65.0,0.0738,0.0,0,1,1,0,0,0,0,0,0
61.0,Lfx-500-(B)-100,Lfx-500,65.0,0.075,0.0,0,0,0,0,0,1,1,0,0
61.0,Lfx-500-(B)-100,Lfx-500,65.0,0.097,0.0,0,0,0,0,1,0,0,0,0
68.0,Z-500-(B)-100,Z-500,5.0,0.0172,0.0,0,0,0,0,0,1,1,0,0
68.0,Z-500-(B)-100,Z-500,25.0,0.0158,0.0,0,0,0,0,0,1,0,0,0
68.0,Z-500-(B)-100,Z-500,60.0,0.0175,0.0,0,0,0,0,0,1,1,0,0
68.0,Z-500-(B)-100,Z-500,60.0,0.0176,0.0,0,0,0,0,0,1,0,0,0
68.0,Z-500-(B)-100,Z-500,62.0,0.0405,0.0,0,1,1,0,0,0,0,0,0
68.0,Z-500-(B)-100,Z-500,62.0,0.041,0.0,0,1,1,0,0,0,0,0,0
68.0,Z-500-(B)-100,Z-500,62.0,0.043,0.0,0,1,1,0,0,0,0,0,0
84.0,Mfx-400-(B)-5,Mfx-400,5.0,0.65,0.0,0,0,0,0,0,0,0,1,0
84.0,Mfx-400-(B)-5,Mfx-400,5.0,0.65,0.0,0,0,0,1,0,0,0,0,0
84.0,Mfx-400-(B)-5,Mfx-400,5.0,0.678,0.0,0,0,0,0,0,0,0,1,0
84.0,Mfx-400-(B)-5,Mfx-400,5.0,0.68,0.0,0,1,1,0,0,0,0,0,0
84.0,Mfx-400-(B)-5,Mfx-400,5.0,0.716,0.0,0,0,0,0,0,0,0,1,0
84.0,Mfx-400-(B)-5,Mfx-400,5.0,1.5,0.0,1,0,0,0,0,0,0,0,0
84.0,Mfx-400-(B)-5,Mfx-400,13.0,0.66,0.0,0,0,0,1,0,0,0,0,0
84.0,Mfx-400-(B)-5,Mfx-400,13.0,1.43,0.0,0,1,1,0,0,0,0,0,0
84.0,Mfx-400-(B)-5,Mfx-400,13.0,1.68,0.0,1,0,0,0,0,0,0,0,0
84.0,Mfx-400-(B)-5,Mfx-400,16.0,14.0,0.0,0,0,0,1,0,0,0,0,0
84.0,Mfx-400-(B)-5,Mfx-400,65.0,0.386,0.0,0,0,0,0,0,1,0,0,0
84.0,Mfx-400-(B)-5,Mfx-400,65.0,0.48,0.0,0,0,0,0,1,0,0,0,0
84.0,Mfx-400-(B)-5,Mfx-400,65.0,0.49,0.0,0,0,0,0,1,0,0,0,0
84.0,Mfx-400-(B)-5,Mfx-400,65.0,0.51,0.0,0,0,0,0,1,0,0,0,0
84.0,Mfx-400-(B)-5,Mfx-400,65.0,0.54,0.0,0,0,0,0,1,0,0,0,0
84.0,Mfx-400-(B)-5,Mfx-400,65.0,1.476,0.0,0,1,1,0,0,0,0,0,0
91.0,Ofx-400-(B)-100,Ofx-400,13.0,0.0885,0.0,0,1,1,0,0,0,0,0,0
91.0,Ofx-400-(B)-100,Ofx-400,13.0,0.09,0.0,0,0,0,1,0,0,0,0,0
91.0,Ofx-400-(B)-100,Ofx-400,13.0,0.09,100.0,1,0,0,0,0,0,0,0,0
91.0,Ofx-400-(B)-100,Ofx-400,60.0,0.0571,0.0,0,0,0,0,0,1,0,0,0
91.0,Ofx-400-(B)-100,Ofx-400,60.0,0.109,0.0,0,0,0,1,0,0,0,0,0
91.0,Ofx-400-(B)-100,Ofx-400,60.0,0.1192,0.0,0,1,1,0,0,0,0,0,0
92.0,Ofx-200-(B)-100,Ofx-200,5.0,0.058,0.0,0,0,0,1,0,0,0,0,0
92.0,Ofx-200-(B)-100,Ofx-200,5.0,0.06,0.0,0,0,0,0,0,1,0,0,0
92.0,Ofx-200-(B)-100,Ofx-200,5.0,0.06,0.0,0,1,1,0,0,0,0,0,0
92.0,Ofx-200-(B)-100,Ofx-200,13.0,0.048,0.0,0,1,1,0,0,0,0,0,0
92.0,Ofx-200-(B)-100,Ofx-200,13.0,0.0492,0.0,0,0,0,1,0,0,0,0,0
92.0,Ofx-200-(B)-100,Ofx-200,13.0,0.05,100.0,1,0,0,0,0,0,0,0,0
92.0,Ofx-200-(B)-100,Ofx-200,60.0,0.0343,0.0,0,0,0,0,0,1,0,0,0
93.0,PAS-(Na)-100-(L)-1,PAS-(Na)-100,5.0,12.49,0.0,0,0,0,1,0,0,0,0,0
93.0,PAS-(Na)-100-(L)-1,PAS-(Na)-100,5.0,13.5,0.0,0,0,0,0,0,1,1,0,0
93.0,PAS-(Na)-100-(L)-1,PAS-(Na)-100,5.0,14.25,0.0,0,1,1,0,0,0,0,0,0
93.0,PAS-(Na)-100-(L)-1,PAS-(Na)-100,5.0,16.0,0.0,1,0,0,0,0,0,0,0,0
93.0,PAS-(Na)-100-(L)-1,PAS-(Na)-100,5.0,18.36,0.0,0,0,0,0,1,0,0,0,0
94.0,Eto-250-(B)-100,Eto-250,4.0,0.0657,0.0,0,0,0,1,0,0,0,0,0
94.0,Eto-250-(B)-100,Eto-250,4.0,0.0679,0.0,0,1,1,0,0,0,0,0,0
94.0,Eto-250-(B)-100,Eto-250,4.0,0.0757,0.0,1,0,0,0,0,0,0,0,0
94.0,Eto-250-(B)-100,Eto-250,4.0,0.0775,0.0,1,0,0,0,0,0,0,0,0
94.0,Eto-250-(B)-100,Eto-250,4.0,0.0777,0.0,0,0,0,0,0,1,1,0,0
94.0,Eto-250-(B)-100,Eto-250,4.0,0.0784,0.0,1,0,0,0,0,0,0,0,0
94.0,Eto-250-(B)-100,Eto-250,4.0,0.0792,0.0,1,0,0,0,0,0,0,0,0
94.0,Eto-250-(B)-100,Eto-250,4.0,0.0793,0.0,0,0,0,0,1,0,0,0,0
94.0,Eto-250-(B)-100,Eto-250,4.0,0.0967,0.0,0,0,0,0,0,0,0,1,0
94.0,Eto-250-(B)-100,Eto-250,5.0,0.0615,0.0,0,0,0,0,1,0,0,0,0
94.0,Eto-250-(B)-100,Eto-250,5.0,0.064,0.0,0,0,0,0,0,1,1,0,0
94.0,Eto-250-(B)-100,Eto-250,5.0,0.066,0.0,0,0,0,1,0,0,0,0,0
94.0,Eto-250-(B)-100,Eto-250,5.0,0.066,0.0,0,1,1,0,0,0,0,0,0
94.0,Eto-250-(B)-100,Eto-250,5.0,0.0709,0.0,0,0,0,0,0,1,1,0,0
94.0,Eto-250-(B)-100,Eto-250,5.0,0.0725,0.0,1,0,0,0,0,0,0,0,0
94.0,Eto-250-(B)-100,Eto-250,5.0,0.0943,0.0,0,0,0,0,0,0,0,1,0
94.0,Eto-250-(B)-100,Eto-250,5.0,0.128,0.0,0,1,1,0,0,0,0,0,0
94.0,Eto-250-(B)-100,Eto-250,13.0,0.075,0.0,0,1,1,0,0,0,0,0,0
94.0,Eto-250-(B)-100,Eto-250,13.0,0.0825,0.0,1,0,0,0,0,0,0,0,0
94.0,Eto-250-(B)-100,Eto-250,13.0,0.111,0.0,0,0,0,1,0,0,0,0,0
94.0,Eto-250-(B)-100,Eto-250,60.0,0.067,0.0,0,0,0,0,0,1,1,0,0
94.0,Eto-250-(B)-100,Eto-250,60.0,0.0793,100.0,0,0,0,0,0,0,0,1,0
94.0,Eto-250-(B)-100,Eto-250,60.0,0.0799,0.0,0,0,0,0,1,0,0,0,0
94.0,Eto-250-(B)-100,Eto-250,60.0,0.0841,0.0,0,0,0,1,0,0,0,0,0
110.0,MDR-B6-50-(L)-1000,Pyr(B6)-50,5.0,0.00725,0.0,0,0,0,0,1,0,0,0,0
127.0,MDR-E-400-(B)-672,E-400,3.0,0.0297619047619,0.0,0,0,0,0,1,0,0,0,0
127.0,MDR-E-400-(B)-672,E-400,3.0,0.0297619047619,20.0,0,0,0,1,1,0,0,0,0
127.0,MDR-E-400-(B)-672,E-400,3.0,0.0298363095238,0.0,0,0,0,0,1,0,0,0,0
127.0,MDR-E-400-(B)-672,E-400,3.0,0.0298363095238,20.0,0,0,0,1,1,0,0,0,0
127.0,MDR-E-400-(B)-672,E-400,3.0,0.02991071428571,0.0,0,0,0,0,1,0,0,0,0
127.0,MDR-E-400-(B)-672,E-400,3.0,0.02991071428571,20.0,0,0,0,1,1,0,0,0,0
127.0,MDR-E-400-(B)-672,E-400,4.0,0.0300744047619,0.0,0,0,0,0,1,0,0,0,0
127.0,MDR-E-400-(B)-672,E-400,4.0,0.0300744047619,30.0,0,0,0,1,1,0,0,0,0
127.0,MDR-E-400-(B)-672,E-400,5.0,0.0297619047619,0.0,0,0,0,0,1,0,0,0,0
127.0,MDR-E-400-(B)-672,E-400,5.0,0.0297619047619,0.0,0,0,0,1,1,0,0,0,0
127.0,MDR-E-400-(B)-672,E-400,5.0,0.03824404761904,0.0,0,0,0,1,0,0,0,0,0
127.0,MDR-E-400-(B)-672,E-400,5.0,0.03824404761904,0.0,0,1,1,0,0,0,0,0,0
127.0,MDR-E-400-(B)-672,E-400,7.0,0.02872023809523,0.0,0,0,0,0,0,0,0,1,0
127.0,MDR-E-400-(B)-672,E-400,7.0,0.03273809523809,0.0,0,0,0,1,0,0,0,0,0
127.0,MDR-E-400-(B)-672,E-400,7.0,0.03303571428571,0.0,0,0,0,1,0,0,0,0,0
127.0,MDR-E-400-(B)-672,E-400,7.0,0.03348214285714,0.0,0,0,0,1,0,0,0,0,0
128.0,MDR-Z-500-(B)-672,Z-500,5.0,0.01934523809523,55.0,0,0,0,1,1,0,0,0,0
128.0,MDR-Z-500-(B)-672,Z-500,5.0,0.03125,0.0,0,0,0,0,0,0,0,1,0
128.0,MDR-Z-500-(B)-672,Z-500,5.0,0.03125,0.0,0,0,0,0,1,0,0,0,0
128.0,MDR-Z-500-(B)-672,Z-500,5.0,0.03125,0.0,0,0,0,1,0,0,0,0,0
128.0,MDR-Z-500-(B)-672,Z-500,5.0,0.03125,0.0,0,0,0,1,1,0,0,0,0
128.0,MDR-Z-500-(B)-672,Z-500,5.0,0.03125,0.0,0,1,1,0,0,0,0,0,0
128.0,MDR-Z-500-(B)-672,Z-500,7.0,0.02309523809523,45.0,0,0,0,1,1,0,0,0,0
128.0,MDR-Z-500-(B)-672,Z-500,7.0,0.02328869047619,0.0,0,0,0,1,1,0,0,0,0
128.0,MDR-Z-500-(B)-672,Z-500,7.0,0.02342261904761,45.0,0,0,0,1,1,0,0,0,0
128.0,MDR-Z-500-(B)-672,Z-500,7.0,0.0235119047619,45.0,0,0,0,1,1,0,0,0,0
136.0,2-FDC/RH-60/60-(B)-84,2-FDC/RH-60/60,5.0,0.03571428571428,0.0,0,0,0,1,1,0,0,0,0
136.0,2-FDC/RH-60/60-(B)-84,2-FDC/RH-60/60,5.0,0.03571428571428,1.0,1,0,0,0,0,0,0,0,0
136.0,2-FDC/RH-60/60-(B)-84,2-FDC/RH-60/60,5.0,0.03571428571428,100.0,0,1,1,0,0,0,0,0,0
136.0,2-FDC/RH-60/60-(B)-84,2-FDC/RH-60/60,5.0,0.04761904761904,100.0,0,0,0,0,0,1,1,0,0
139.0,MDR-Z-400-(B)-672,Z-400,5.0,0.01934523809523,0.0,0,0,0,0,1,0,0,0,0
139.0,MDR-Z-400-(B)-672,Z-400,5.0,0.01934523809523,55.0,0,0,0,1,1,0,0,0,0
139.0,MDR-Z-400-(B)-672,Z-400,5.0,0.0204613095238,0.0,0,0,0,1,0,0,0,0,0
139.0,MDR-Z-400-(B)-672,Z-400,7.0,0.02113095238095,0.0,0,0,0,1,0,0,0,0,0
139.0,MDR-Z-400-(B)-672,Z-400,7.0,0.02157738095238,0.0,0,0,0,0,0,0,0,1,0
139.0,MDR-Z-400-(B)-672,Z-400,7.0,0.02157738095238,0.0,0,0,0,1,0,0,0,0,0
139.0,MDR-Z-400-(B)-672,Z-400,7.0,0.02232142857142,0.0,0,0,0,1,0,0,0,0,0
139.0,MDR-Z-400-(B)-672,Z-400,7.0,0.02232142857142,0.0,0,1,1,0,0,0,0,0,0
139.0,MDR-Z-400-(B)-672,Z-400,7.0,0.02309523809523,0.0,0,0,0,0,1,0,0,0,0
139.0,MDR-Z-400-(B)-672,Z-400,7.0,0.02309523809523,45.0,0,0,0,1,1,0,0,0,0
139.0,MDR-Z-400-(B)-672,Z-400,7.0,0.02328869047619,0.0,0,0,0,0,1,0,0,0,0
139.0,MDR-Z-400-(B)-672,Z-400,7.0,0.02328869047619,45.0,0,0,0,1,1,0,0,0,0
139.0,MDR-Z-400-(B)-672,Z-400,7.0,0.02342261904761,0.0,0,0,0,0,1,0,0,0,0
139.0,MDR-Z-400-(B)-672,Z-400,7.0,0.02342261904761,45.0,0,0,0,1,1,0,0,0,0
139.0,MDR-Z-400-(B)-672,Z-400,7.0,0.0235119047619,0.0,0,0,0,0,1,0,0,0,0
139.0,MDR-Z-400-(B)-672,Z-400,7.0,0.0235119047619,45.0,0,0,0,1,1,0,0,0,0
562.0,Cfz-100-(L)-100,Cfz-100,58.0,0.9824,100.0,0,0,0,0,0,0,0,1,0
562.0,Cfz-100-(L)-100,Cfz-100,58.0,0.9824,100.0,0,0,0,0,0,1,1,0,0
562.0,Cfz-100-(L)-100,Cfz-100,58.0,1.0025,0.0,0,0,0,0,1,0,0,0,0
562.0,Cfz-100-(L)-100,Cfz-100,58.0,1.0948,0.0,0,0,0,0,0,1,0,0,0
562.0,Cfz-100-(L)-100,Cfz-100,58.0,1.0948,0.0,0,0,0,0,1,0,0,0,0
562.0,Cfz-100-(L)-100,Cfz-100,58.0,1.1666,0.0,0,0,0,0,0,0,0,1,0
562.0,Cfz-100-(L)-100,Cfz-100,58.0,1.2084,0.0,0,0,0,0,0,0,0,1,0
562.0,Cfz-100-(L)-100,Cfz-100,58.0,1.2086,0.0,0,0,0,0,0,0,0,1,0
562.0,Cfz-100-(L)-100,Cfz-100,58.0,1.2672,0.0,0,0,0,0,0,0,0,1,0
562.0,Cfz-100-(L)-100,Cfz-100,58.0,1.2672,0.0,0,0,0,0,1,0,0,0,0
562.0,Cfz-100-(L)-100,Cfz-100,58.0,1.2672,0.0,0,0,0,1,0,0,0,0,0
583.0,Km-1-(A)-10,Km-1,5.0,2.31,0.0,0,0,0,1,1,0,0,0,0
583.0,Km-1-(A)-10,Km-1,42.0,2.31,0.0,0,0,0,1,1,0,0,0,0
583.0,Km-1-(A)-10,Km-1,42.0,2.33,0.0,0,0,0,0,0,0,0,1,0
583.0,Km-1-(A)-10,Km-1,42.0,2.336,0.0,0,0,0,0,0,0,0,1,0
583.0,Km-1-(A)-10,Km-1,42.0,2.35,100.0,1,0,0,0,0,0,0,0,0
583.0,Km-1-(A)-10,Km-1,42.0,2.36,0.0,0,0,0,0,0,1,0,0,0
583.0,Km-1-(A)-10,Km-1,42.0,2.36,0.0,0,0,0,0,0,1,1,0,0
583.0,Km-1-(A)-10,Km-1,42.0,2.36,100.0,0,0,0,0,1,0,0,0,0
583.0,Km-1-(A)-10,Km-1,42.0,2.365,0.0,0,0,0,0,0,0,0,1,0
583.0,Km-1-(A)-10,Km-1,42.0,2.56,0.0,0,0,0,0,1,0,0,0,0
583.0,Km-1-(A)-10,Km-1,42.0,2.58,0.0,0,0,0,1,0,0,0,0,0
583.0,Km-1-(A)-10,Km-1,42.0,2.58,0.0,0,1,1,0,0,0,0,0,0
583.0,Km-1-(A)-10,Km-1,42.0,2.58,0.0,1,0,0,0,0,0,0,0,0
583.0,Km-1-(A)-10,Km-1,42.0,2.595,100.0,1,0,0,0,0,0,0,0,0
591.0,PAS-(Na)-4-(S)-25,PAS-(Na)-4,45.0,1.32,60.0,0,0,0,0,0,0,0,1,0
591.0,PAS-(Na)-4-(S)-25,PAS-(Na)-4,45.0,1.35,0.0,0,0,0,0,0,1,1,0,0
591.0,PAS-(Na)-4-(S)-25,PAS-(Na)-4,45.0,1.37,0.0,0,0,0,0,1,0,0,0,0
591.0,PAS-(Na)-4-(S)-25,PAS-(Na)-4,45.0,1.37,0.0,0,0,0,1,0,0,0,0,0
591.0,PAS-(Na)-4-(S)-25,PAS-(Na)-4,45.0,1.37,0.0,0,1,1,0,0,0,0,0,0
591.0,PAS-(Na)-4-(S)-25,PAS-(Na)-4,45.0,1.5,0.0,1,0,0,0,0,0,0,0,0
612.0,Z-500-(B)-672,Z-500,5.0,0.03125,0.0,0,0,0,1,1,0,0,0,0
612.0,Z-500-(B)-672,Z-500,5.0,0.03125,100.0,0,1,1,0,0,0,0,0,0
612.0,Z-500-(B)-672,Z-500,5.0,0.0326488095238,45.0,0,0,0,0,0,1,1,0,0
612.0,Z-500-(B)-672,Z-500,5.0,0.03267857142857,45.0,0,0,0,0,0,1,1,0,0
612.0,Z-500-(B)-672,Z-500,5.0,0.03270833333333,45.0,0,0,0,0,0,1,1,0,0
612.0,Z-500-(B)-672,Z-500,5.0,0.03273809523809,0.0,0,0,0,0,0,0,0,1,0
612.0,Z-500-(B)-672,Z-500,5.0,0.03273809523809,45.0,0,0,0,0,0,1,1,0,0
612.0,Z-500-(B)-672,Z-500,60.0,0.01876488095238,55.0,0,0,0,0,0,1,0,0,0
612.0,Z-500-(B)-672,Z-500,60.0,0.01876488095238,55.0,0,0,0,0,0,1,1,0,0
612.0,Z-500-(B)-672,Z-500,60.0,0.0192113095238,100.0,0,0,0,0,0,0,0,1,0
622.0,Trd- 250-(B)-50,Trd- 250,15.0,1.5518,0.0,1,0,0,0,0,0,0,0,0
622.0,Trd- 250-(B)-50,Trd- 250,15.0,1.588,0.0,0,0,0,0,1,0,0,0,0
622.0,Trd- 250-(B)-50,Trd- 250,15.0,1.588,0.0,0,0,0,1,0,0,0,0,0
622.0,Trd- 250-(B)-50,Trd- 250,15.0,1.5964,0.0,1,0,0,0,0,0,0,0,0
622.0,Trd- 250-(B)-50,Trd- 250,15.0,1.666,0.0,0,1,1,0,0,0,0,0,0
622.0,Trd- 250-(B)-50,Trd- 250,15.0,1.68,0.0,1,0,0,0,0,0,0,0,0
622.0,Trd- 250-(B)-50,Trd- 250,15.0,1.6882,0.0,1,0,0,0,0,0,0,0,0
622.0,Trd- 250-(B)-50,Trd- 250,15.0,1.7992,0.0,0,1,1,0,0,0,0,0,0
622.0,Trd- 250-(B)-50,Trd- 250,15.0,1.8,100.0,0,0,0,0,0,0,0,1,0
622.0,Trd- 250-(B)-50,Trd- 250,15.0,3.4904,0.0,0,0,0,0,0,1,1,0,0
623.0,S-1-(V)-100,S-1,50.0,0.64,0.0,0,0,0,1,1,0,0,0,0
623.0,S-1-(V)-100,S-1,50.0,0.64,60.0,0,0,0,0,0,0,0,1,0
623.0,S-1-(V)-100,S-1,50.0,0.64,100.0,0,0,0,0,0,1,0,0,0
623.0,S-1-(V)-100,S-1,50.0,0.64,100.0,0,1,1,0,0,0,0,0,0
623.0,S-1-(V)-100,S-1,50.0,0.68,1.0,1,0,0,0,0,0,0,0,0
636.0,MDR-H-300-(B)-672,H-300,5.0,0.01898809523809,100.0,0,0,0,1,1,0,0,0,0
636.0,MDR-H-300-(B)-672,H-300,5.0,0.02011904761904,100.0,0,1,1,0,0,0,0,0,0
639.0,Clr-500-(B)-14,Clr-500,17.0,0.19428571428571,0.0,0,0,0,0,0,1,1,0,0
639.0,Clr-500-(B)-14,Clr-500,17.0,0.19785714285714,0.0,0,0,0,0,0,1,1,0,0
639.0,Clr-500-(B)-14,Clr-500,17.0,0.20142857142857,0.0,0,0,0,0,0,1,1,0,0
639.0,Clr-500-(B)-14,Clr-500,17.0,0.205,0.0,0,0,0,0,0,1,1,0,0
639.0,Clr-500-(B)-14,Clr-500,17.0,0.30857142857142,0.0,1,0,0,0,0,0,0,0,0
639.0,Clr-500-(B)-14,Clr-500,17.0,0.43,0.0,0,0,0,1,0,0,0,0,0
639.0,Clr-500-(B)-14,Clr-500,17.0,0.435,0.0,0,0,0,1,0,0,0,0,0
639.0,Clr-500-(B)-14,Clr-500,17.0,0.43928571428571,0.0,0,0,0,1,0,0,0,0,0
639.0,Clr-500-(B)-14,Clr-500,17.0,0.44428571428571,0.0,0,0,0,1,0,0,0,0,0
639.0,Clr-500-(B)-14,Clr-500,17.0,0.49928571428571,0.0,0,1,1,0,0,0,0,0,0
639.0,Clr-500-(B)-14,Clr-500,17.0,0.52357142857142,0.0,0,1,1,0,0,0,0,0,0
639.0,Clr-500-(B)-14,Clr-500,17.0,0.53857142857142,0.0,0,1,1,0,0,0,0,0,0
639.0,Clr-500-(B)-14,Clr-500,17.0,0.54642857142857,0.0,0,0,0,0,0,0,0,1,0
639.0,Clr-500-(B)-14,Clr-500,17.0,0.58,0.0,0,1,1,0,0,0,0,0,0
639.0,Clr-500-(B)-14,Clr-500,17.0,0.60571428571428,0.0,0,1,1,0,0,0,0,0,0
639.0,Clr-500-(B)-14,Clr-500,59.0,0.20714285714285,0.0,0,0,0,0,1,0,0,0,0
639.0,Clr-500-(B)-14,Clr-500,59.0,0.21428571428571,0.0,0,0,0,0,1,0,0,0,0
639.0,Clr-500-(B)-14,Clr-500,59.0,0.21428571428571,0.0,0,0,0,1,0,0,0,0,0
639.0,Clr-500-(B)-14,Clr-500,59.0,0.22142857142857,0.0,0,0,0,0,1,0,0,0,0
639.0,Clr-500-(B)-14,Clr-500,59.0,0.22142857142857,0.0,0,0,0,1,0,0,0,0,0
639.0,Clr-500-(B)-14,Clr-500,59.0,0.22285714285714,0.0,1,0,0,0,0,0,0,0,0
639.0,Clr-500-(B)-14,Clr-500,59.0,0.22857142857142,0.0,0,0,0,0,1,0,0,0,0
639.0,Clr-500-(B)-14,Clr-500,59.0,0.22857142857142,0.0,0,0,0,1,0,0,0,0,0
639.0,Clr-500-(B)-14,Clr-500,59.0,0.22857142857142,0.0,0,1,1,0,0,0,0,0,0
639.0,Clr-500-(B)-14,Clr-500,59.0,0.22857142857142,0.0,1,0,0,0,0,0,0,0,0
639.0,Clr-500-(B)-14,Clr-500,59.0,0.23571428571428,0.0,0,0,0,1,0,0,0,0,0
639.0,Clr-500-(B)-14,Clr-500,59.0,0.23571428571428,0.0,0,1,1,0,0,0,0,0,0
639.0,Clr-500-(B)-14,Clr-500,59.0,0.23571428571428,0.0,1,0,0,0,0,0,0,0,0
639.0,Clr-500-(B)-14,Clr-500,59.0,0.24285714285714,0.0,0,1,1,0,0,0,0,0,0
639.0,Clr-500-(B)-14,Clr-500,59.0,0.24285714285714,0.0,1,0,0,0,0,0,0,0,0
639.0,Clr-500-(B)-14,Clr-500,59.0,0.25,0.0,0,1,1,0,0,0,0,0,0
639.0,Clr-500-(B)-14,Clr-500,59.0,0.25,0.0,1,0,0,0,0,0,0,0,0
639.0,Clr-500-(B)-14,Clr-500,75.0,0.15,0.0,0,0,0,0,1,0,0,0,0
639.0,Clr-500-(B)-14,Clr-500,75.0,0.16071428571428,0.0,0,0,0,0,1,0,0,0,0
639.0,Clr-500-(B)-14,Clr-500,75.0,0.18214285714285,0.0,0,0,0,0,1,0,0,0,0
639.0,Clr-500-(B)-14,Clr-500,75.0,0.19285714285714,0.0,0,0,0,0,1,0,0,0,0
646.0,E-100-(B)-100,E-100,5.0,0.0,0.0,0,1,1,0,0,0,0,0,0
646.0,E-100-(B)-100,E-100,5.0,0.022,55.0,0,0,0,0,0,1,0,0,0
646.0,E-100-(B)-100,E-100,5.0,0.0304,0.0,0,0,0,1,1,0,0,0,0
646.0,E-100-(B)-100,E-100,5.0,0.0316,55.0,0,0,0,0,0,1,1,0,0
646.0,E-100-(B)-100,E-100,5.0,0.0318,55.0,0,0,0,0,0,1,1,0,0
646.0,E-100-(B)-100,E-100,5.0,0.032,55.0,0,0,0,0,0,1,1,0,0
646.0,E-100-(B)-100,E-100,5.0,0.0322,55.0,0,0,0,0,0,1,1,0,0
646.0,E-100-(B)-100,E-100,5.0,0.0326,0.0,0,1,1,0,0,0,0,0,0
646.0,E-100-(B)-100,E-100,5.0,0.0326,1.0,1,0,0,0,0,0,0,0,0
646.0,E-100-(B)-100,E-100,5.0,0.0369,100.0,0,0,0,0,0,0,0,1,0
646.0,E-100-(B)-100,E-100,5.0,0.0371,100.0,0,0,0,0,0,0,0,1,0
646.0,E-100-(B)-100,E-100,5.0,0.0373,100.0,0,0,0,0,0,0,0,1,0
646.0,E-100-(B)-100,E-100,5.0,0.0375,100.0,0,0,0,0,0,0,0,1,0
646.0,E-100-(B)-100,E-100,15.0,0.0886,0.0,0,0,0,1,1,0,0,0,0
646.0,E-100-(B)-100,E-100,62.0,0.034,35.0,0,1,1,0,0,0,0,0,0
646.0,E-100-(B)-100,E-100,62.0,0.0345,0.0,0,0,0,1,1,0,0,0,0
646.0,E-100-(B)-100,E-100,62.0,0.0345,35.0,0,1,1,0,0,0,0,0,0
646.0,E-100-(B)-100,E-100,62.0,0.035,0.0,0,0,0,1,1,0,0,0,0
646.0,E-100-(B)-100,E-100,62.0,0.036,0.0,0,0,0,1,1,0,0,0,0
646.0,E-100-(B)-100,E-100,62.0,0.036,35.0,0,1,1,0,0,0,0,0,0
646.0,E-100-(B)-100,E-100,62.0,0.037,45.0,0,0,0,0,0,1,1,0,0
646.0,E-100-(B)-100,E-100,62.0,0.0395,45.0,0,0,0,0,0,1,1,0,0
676.0,Pto-250-(B)-100,Pto-250,4.0,0.0593,0.0,0,0,0,0,1,0,0,0,0
676.0,Pto-250-(B)-100,Pto-250,4.0,0.0853,0.0,0,0,0,0,0,1,0,0,0
676.0,Pto-250-(B)-100,Pto-250,4.0,0.0939,0.0,0,0,0,0,0,1,1,0,0
676.0,Pto-250-(B)-100,Pto-250,4.0,0.1057,0.0,0,0,0,0,0,0,0,1,0
676.0,Pto-250-(B)-100,Pto-250,15.0,0.08,0.0,0,0,0,0,0,1,1,0,0
676.0,Pto-250-(B)-100,Pto-250,15.0,0.1335,0.0,1,0,0,0,0,0,0,0,0
676.0,Pto-250-(B)-100,Pto-250,15.0,0.1373,0.0,1,0,0,0,0,0,0,0,0
676.0,Pto-250-(B)-100,Pto-250,15.0,0.1406,0.0,1,0,0,0,0,0,0,0,0
676.0,Pto-250-(B)-100,Pto-250,15.0,0.145,0.0,0,0,0,0,0,0,0,1,0
676.0,Pto-250-(B)-100,Pto-250,15.0,0.145,0.0,1,0,0,0,0,0,0,0,0
676.0,Pto-250-(B)-100,Pto-250,15.0,0.1452,0.0,1,0,0,0,0,0,0,0,0
676.0,Pto-250-(B)-100,Pto-250,15.0,0.1466,0.0,0,0,0,0,0,0,0,1,0
676.0,Pto-250-(B)-100,Pto-250,15.0,0.149,0.0,0,0,0,1,0,0,0,0,0
676.0,Pto-250-(B)-100,Pto-250,15.0,0.1495,0.0,0,0,0,0,0,0,0,0,0
676.0,Pto-250-(B)-100,Pto-250,15.0,0.1496,0.0,0,0,0,0,0,0,0,1,0
676.0,Pto-250-(B)-100,Pto-250,15.0,0.1553,0.0,0,1,1,0,0,0,0,0,0
676.0,Pto-250-(B)-100,Pto-250,15.0,0.1621,0.0,0,1,1,0,0,0,0,0,0
676.0,Pto-250-(B)-100,Pto-250,15.0,0.1775,0.0,0,0,0,0,1,0,0,0,0
676.0,Pto-250-(B)-100,Pto-250,15.0,0.1825,0.0,0,0,0,0,0,1,1,0,0
676.0,Pto-250-(B)-100,Pto-250,15.0,1.0164,0.0,0,0,0,0,0,1,0,0,0
676.0,Pto-250-(B)-100,Pto-250,60.0,0.082,100.0,0,0,0,0,0,0,0,1,0
676.0,Pto-250-(B)-100,Pto-250,60.0,0.0874,0.0,0,0,0,0,0,1,1,0,0
676.0,Pto-250-(B)-100,Pto-250,60.0,0.109,0.0,0,1,1,0,0,0,0,0,0
676.0,Pto-250-(B)-100,Pto-250,60.0,0.13,0.0,0,0,0,0,1,0,0,0,0
677.0,PAS-(Na)-4-(S)-30,PAS-(Na)-4,5.0,1.15,0.0,0,0,0,0,0,0,0,1,0
677.0,PAS-(Na)-4-(S)-30,PAS-(Na)-4,5.0,1.15,0.0,0,0,0,1,0,0,0,0,0
677.0,PAS-(Na)-4-(S)-30,PAS-(Na)-4,5.0,1.24,0.0,0,0,0,0,0,1,1,0,0
677.0,PAS-(Na)-4-(S)-30,PAS-(Na)-4,5.0,1.24,40.0,0,0,0,0,0,0,0,1,0
677.0,PAS-(Na)-4-(S)-30,PAS-(Na)-4,5.0,1.3,0.0,0,1,1,0,0,0,0,0,0
677.0,PAS-(Na)-4-(S)-30,PAS-(Na)-4,5.0,1.404,0.0,0,0,0,0,0,0,0,1,0
677.0,PAS-(Na)-4-(S)-30,PAS-(Na)-4,5.0,1.45,0.0,1,0,0,0,0,0,0,0,0
677.0,PAS-(Na)-4-(S)-30,PAS-(Na)-4,5.0,1.51,0.0,0,0,0,0,0,0,0,1,0
677.0,PAS-(Na)-4-(S)-30,PAS-(Na)-4,5.0,1.685,0.0,0,0,0,1,1,0,0,0,0
677.0,PAS-(Na)-4-(S)-30,PAS-(Na)-4,5.0,1.69,0.0,0,0,0,0,1,0,0,0,0
678.0,Am-500-(A)-10,Am-500,17.0,0.69,100.0,0,0,0,0,0,0,0,1,0
678.0,Am-500-(A)-10,Am-500,17.0,0.695,100.0,0,0,0,0,0,0,0,1,0
678.0,Am-500-(A)-10,Am-500,17.0,0.7,100.0,0,0,0,0,0,0,0,1,0
678.0,Am-500-(A)-10,Am-500,17.0,0.705,100.0,0,0,0,0,0,0,0,1,0
678.0,Am-500-(A)-10,Am-500,17.0,0.843,0.0,0,0,0,1,0,0,0,0,0
678.0,Am-500-(A)-10,Am-500,17.0,0.856,0.0,0,0,0,1,0,0,0,0,0
678.0,Am-500-(A)-10,Am-500,17.0,1.003,0.0,1,0,0,0,0,0,0,0,0
678.0,Am-500-(A)-10,Am-500,17.0,1.017,0.0,0,1,1,0,0,0,0,0,0
678.0,Am-500-(A)-10,Am-500,17.0,1.032,0.0,1,0,0,0,0,0,0,0,0
678.0,Am-500-(A)-10,Am-500,17.0,1.057,0.0,1,0,0,0,0,0,0,0,0
678.0,Am-500-(A)-10,Am-500,17.0,1.059,0.0,0,1,1,0,0,0,0,0,0
678.0,Am-500-(A)-10,Am-500,17.0,1.063,0.0,0,1,1,0,0,0,0,0,0
678.0,Am-500-(A)-10,Am-500,17.0,1.067,0.0,1,0,0,0,0,0,0,0,0
678.0,Am-500-(A)-10,Am-500,17.0,1.077,0.0,0,1,1,0,0,0,0,0,0
678.0,Am-500-(A)-10,Am-500,17.0,1.09,0.0,1,0,0,0,0,0,0,0,0
678.0,Am-500-(A)-10,Am-500,17.0,1.092,0.0,1,0,0,0,0,0,0,0,0
678.0,Am-500-(A)-10,Am-500,17.0,1.125,0.0,0,1,1,0,0,0,0,0,0
678.0,Am-500-(A)-10,Am-500,28.0,0.84,0.0,0,1,1,0,0,0,0,0,0
678.0,Am-500-(A)-10,Am-500,28.0,1.032,0.0,1,0,0,0,0,0,0,0,0
678.0,Am-500-(A)-10,Am-500,63.0,0.635,0.0,0,0,0,0,0,1,1,0,0
678.0,Am-500-(A)-10,Am-500,63.0,0.678,0.0,0,0,0,0,1,0,0,0,0
678.0,Am-500-(A)-10,Am-500,63.0,0.69,0.0,0,0,0,1,0,0,0,0,0
678.0,Am-500-(A)-10,Am-500,63.0,0.805,0.0,0,1,1,0,0,0,0,0,0
678.0,Am-500-(A)-10,Am-500,63.0,0.84,0.0,0,1,1,0,0,0,0,0,0
689.0,Amx/Clv-500/125-(B)-20,Amx/Clv-500/125,59.0,0.13,0.0,0,0,0,0,1,0,0,0,0
689.0,Amx/Clv-500/125-(B)-20,Amx/Clv-500/125,59.0,0.135,0.0,0,0,0,0,1,0,0,0,0
689.0,Amx/Clv-500/125-(B)-20,Amx/Clv-500/125,59.0,0.135,0.0,0,0,0,1,0,0,0,0,0
689.0,Amx/Clv-500/125-(B)-20,Amx/Clv-500/125,59.0,0.135,0.0,0,1,1,0,0,0,0,0,0
689.0,Amx/Clv-500/125-(B)-20,Amx/Clv-500/125,59.0,0.14,0.0,0,0,0,0,1,0,0,0,0
689.0,Amx/Clv-500/125-(B)-20,Amx/Clv-500/125,59.0,0.14,0.0,0,0,0,1,0,0,0,0,0
689.0,Amx/Clv-500/125-(B)-20,Amx/Clv-500/125,59.0,0.14,0.0,0,1,1,0,0,0,0,0,0
689.0,Amx/Clv-500/125-(B)-20,Amx/Clv-500/125,59.0,0.145,0.0,0,0,0,0,1,0,0,0,0
689.0,Amx/Clv-500/125-(B)-20,Amx/Clv-500/125,59.0,0.145,0.0,0,0,0,1,0,0,0,0,0
689.0,Amx/Clv-500/125-(B)-20,Amx/Clv-500/125,59.0,0.145,0.0,0,1,1,0,0,0,0,0,0
689.0,Amx/Clv-500/125-(B)-20,Amx/Clv-500/125,59.0,0.145,0.0,1,0,0,0,0,0,0,0,0
689.0,Amx/Clv-500/125-(B)-20,Amx/Clv-500/125,59.0,0.15,0.0,0,0,0,1,0,0,0,0,0
689.0,Amx/Clv-500/125-(B)-20,Amx/Clv-500/125,59.0,0.15,0.0,0,1,1,0,0,0,0,0,0
696.0,Clr-250-(B)-14,Clr-250,17.0,0.27214285714285,0.0,0,0,0,1,0,0,0,0,0
696.0,Clr-250-(B)-14,Clr-250,17.0,0.27714285714285,0.0,0,0,0,1,0,0,0,0,0
696.0,Clr-250-(B)-14,Clr-250,17.0,0.28214285714285,0.0,0,0,0,1,0,0,0,0,0
696.0,Clr-250-(B)-14,Clr-250,17.0,0.28642857142857,0.0,0,0,0,1,0,0,0,0,0
696.0,Clr-250-(B)-14,Clr-250,17.0,0.29357142857142,0.0,0,1,1,0,0,0,0,0,0
696.0,Clr-250-(B)-14,Clr-250,17.0,0.30642857142857,0.0,0,1,1,0,0,0,0,0,0
696.0,Clr-250-(B)-14,Clr-250,59.0,0.11428571428571,0.0,0,0,0,0,0,1,1,0,0
696.0,Clr-250-(B)-14,Clr-250,59.0,0.11785714285714,0.0,0,0,0,0,0,1,1,0,0
696.0,Clr-250-(B)-14,Clr-250,59.0,0.12142857142857,0.0,0,0,0,0,0,1,1,0,0
696.0,Clr-250-(B)-14,Clr-250,59.0,0.12857142857142,0.0,0,0,0,0,0,1,1,0,0
696.0,Clr-250-(B)-14,Clr-250,59.0,0.12857142857142,0.0,0,0,0,0,1,0,0,0,0
696.0,Clr-250-(B)-14,Clr-250,59.0,0.13214285714285,0.0,0,0,0,0,1,0,0,0,0
696.0,Clr-250-(B)-14,Clr-250,59.0,0.13571428571428,0.0,0,0,0,0,1,0,0,0,0
696.0,Clr-250-(B)-14,Clr-250,59.0,0.13571428571428,0.0,0,0,0,1,0,0,0,0,0
696.0,Clr-250-(B)-14,Clr-250,59.0,0.13928571428571,0.0,0,0,0,1,0,0,0,0,0
696.0,Clr-250-(B)-14,Clr-250,59.0,0.14285714285714,0.0,0,0,0,0,1,0,0,0,0
696.0,Clr-250-(B)-14,Clr-250,59.0,0.14285714285714,0.0,0,0,0,1,0,0,0,0,0
696.0,Clr-250-(B)-14,Clr-250,59.0,0.15,0.0,0,0,0,1,0,0,0,0,0
696.0,Clr-250-(B)-14,Clr-250,59.0,0.15,0.0,0,1,1,0,0,0,0,0,0
696.0,Clr-250-(B)-14,Clr-250,59.0,0.15357142857142,0.0,0,1,1,0,0,0,0,0,0
696.0,Clr-250-(B)-14,Clr-250,59.0,0.15714285714285,0.0,0,1,1,0,0,0,0,0,0
696.0,Clr-250-(B)-14,Clr-250,59.0,0.16428571428571,0.0,0,1,1,0,0,0,0,0,0
696.0,Clr-250-(B)-14,Clr-250,75.0,0.095,0.0,0,0,0,0,1,0,0,0,0
696.0,Clr-250-(B)-14,Clr-250,75.0,0.10142857142857,0.0,0,0,0,0,1,0,0,0,0
696.0,Clr-250-(B)-14,Clr-250,75.0,0.115,0.0,0,0,0,0,1,0,0,0,0
696.0,Clr-250-(B)-14,Clr-250,75.0,0.12214285714285,0.0,0,0,0,0,1,0,0,0,0
698.0,Lnz-600-(B)-10,Lnz-600,24.0,37.0,0.0,0,0,0,0,0,0,0,1,0
698.0,Lnz-600-(B)-10,Lnz-600,24.0,37.0,0.0,0,0,0,0,1,0,0,0,0
698.0,Lnz-600-(B)-10,Lnz-600,24.0,37.0,0.0,0,0,0,1,0,0,0,0,0
698.0,Lnz-600-(B)-10,Lnz-600,81.0,1.339,40.0,0,0,0,0,0,0,0,1,0
698.0,Lnz-600-(B)-10,Lnz-600,81.0,1.347,40.0,0,0,0,0,0,0,0,1,0
698.0,Lnz-600-(B)-10,Lnz-600,81.0,1.368,40.0,0,0,0,0,0,0,0,1,0
698.0,Lnz-600-(B)-10,Lnz-600,81.0,1.379,0.0,0,0,0,0,0,1,1,0,0
698.0,Lnz-600-(B)-10,Lnz-600,81.0,1.379,40.0,0,0,0,0,0,0,0,1,0
698.0,Lnz-600-(B)-10,Lnz-600,81.0,1.487,0.0,0,0,0,0,0,1,1,0,0
698.0,Lnz-600-(B)-10,Lnz-600,81.0,1.521,0.0,0,0,0,0,0,1,1,0,0
700.0,Am-500-(A)-100,Am-500,17.0,0.069,100.0,0,0,0,0,0,0,0,1,0
700.0,Am-500-(A)-100,Am-500,17.0,0.0695,100.0,0,0,0,0,0,0,0,1,0
700.0,Am-500-(A)-100,Am-500,17.0,0.07,100.0,0,0,0,0,0,0,0,1,0
700.0,Am-500-(A)-100,Am-500,17.0,0.0705,100.0,0,0,0,0,0,0,0,1,0
700.0,Am-500-(A)-100,Am-500,17.0,0.6174,0.0,0,0,0,0,0,1,1,0,0
700.0,Am-500-(A)-100,Am-500,17.0,0.6179,0.0,0,0,0,0,0,1,1,0,0
700.0,Am-500-(A)-100,Am-500,17.0,0.6184,0.0,0,0,0,0,0,1,1,0,0
700.0,Am-500-(A)-100,Am-500,17.0,0.6189,0.0,0,0,0,0,0,1,1,0,0
700.0,Am-500-(A)-100,Am-500,17.0,0.69,0.0,0,0,0,0,0,0,0,1,0
700.0,Am-500-(A)-100,Am-500,17.0,0.695,0.0,0,0,0,0,0,0,0,1,0
700.0,Am-500-(A)-100,Am-500,17.0,0.7,0.0,0,0,0,0,0,0,0,1,0
700.0,Am-500-(A)-100,Am-500,17.0,0.705,0.0,0,0,0,0,0,0,0,1,0
700.0,Am-500-(A)-100,Am-500,17.0,0.8,0.0,0,0,0,0,1,0,0,0,0
700.0,Am-500-(A)-100,Am-500,17.0,0.805,0.0,0,0,0,0,1,0,0,0,0
700.0,Am-500-(A)-100,Am-500,17.0,0.9096,0.0,0,1,1,0,0,0,0,0,0
700.0,Am-500-(A)-100,Am-500,17.0,1.0165,0.0,0,1,1,0,0,0,0,0,0
700.0,Am-500-(A)-100,Am-500,17.0,1.0448,0.0,0,1,1,0,0,0,0,0,0
700.0,Am-500-(A)-100,Am-500,17.0,1.0589,0.0,0,1,1,0,0,0,0,0,0
700.0,Am-500-(A)-100,Am-500,17.0,1.1054,0.0,0,1,1,0,0,0,0,0,0
701.0,Clr-250-(B)-20,Clr-250,17.0,0.2935,0.0,0,1,1,0,0,0,0,0,0
701.0,Clr-250-(B)-20,Clr-250,17.0,0.3065,0.0,0,1,1,0,0,0,0,0,0
707.0,Amx/Clv-500/125-(B)-15,Amx/Clv-500/125,50.0,0.11666666666666,0.0,0,0,0,0,0,0,0,1,0
707.0,Amx/Clv-500/125-(B)-15,Amx/Clv-500/125,50.0,0.11666666666666,0.0,0,0,0,0,0,1,1,0,0
707.0,Amx/Clv-500/125-(B)-15,Amx/Clv-500/125,50.0,0.13333333333333,0.0,0,0,0,0,1,0,0,0,0
707.0,Amx/Clv-500/125-(B)-15,Amx/Clv-500/125,50.0,0.14733333333333,0.0,0,0,0,1,0,0,0,0,0
707.0,Amx/Clv-500/125-(B)-15,Amx/Clv-500/125,50.0,0.15533333333333,0.0,0,1,1,0,0,0,0,0,0
707.0,Amx/Clv-500/125-(B)-15,Amx/Clv-500/125,50.0,0.162,0.0,0,1,1,0,0,0,0,0,0
708.0,3-FDC/RHZ-60/30/150-(B)-84 (14x6),3-FDC/RHZ-60/30/150,4.0,0.02607142857142,35.0,0,1,1,0,0,0,0,0,0
708.0,3-FDC/RHZ-60/30/150-(B)-84 (14x6),3-FDC/RHZ-60/30/150,4.0,0.02630952380952,0.0,0,0,0,1,1,0,0,0,0
708.0,3-FDC/RHZ-60/30/150-(B)-84 (14x6),3-FDC/RHZ-60/30/150,4.0,0.02630952380952,35.0,0,1,1,0,0,0,0,0,0
708.0,3-FDC/RHZ-60/30/150-(B)-84 (14x6),3-FDC/RHZ-60/30/150,4.0,0.02654761904761,35.0,0,1,1,0,0,0,0,0,0
708.0,3-FDC/RHZ-60/30/150-(B)-84 (14x6),3-FDC/RHZ-60/30/150,4.0,0.0270238095238,100.0,0,0,0,0,0,1,1,0,0
708.0,3-FDC/RHZ-60/30/150-(B)-84 (14x6),3-FDC/RHZ-60/30/150,5.0,0.0595238095238,0.0,0,0,0,0,0,1,1,0,0
709.0,2-FDC/RH-60/30-(B)-84 (14x6),2-FDC/RH-60/30,4.0,0.01773809523809,35.0,0,1,1,0,0,0,0,0,0
709.0,2-FDC/RH-60/30-(B)-84 (14x6),2-FDC/RH-60/30,4.0,0.01797619047619,35.0,0,1,1,0,0,0,0,0,0
709.0,2-FDC/RH-60/30-(B)-84 (14x6),2-FDC/RH-60/30,4.0,0.01821428571428,0.0,0,0,0,1,1,0,0,0,0
709.0,2-FDC/RH-60/30-(B)-84 (14x6),2-FDC/RH-60/30,4.0,0.01821428571428,35.0,0,1,1,0,0,0,0,0,0
709.0,2-FDC/RH-60/30-(B)-84 (14x6),2-FDC/RH-60/30,4.0,0.01892857142857,100.0,0,0,0,0,0,1,1,0,0
709.0,2-FDC/RH-60/30-(B)-84 (14x6),2-FDC/RH-60/30,5.0,0.01583333333333,0.0,0,0,0,1,1,0,0,0,0
709.0,2-FDC/RH-60/30-(B)-84 (14x6),2-FDC/RH-60/30,5.0,0.03571428571428,0.0,0,0,0,0,0,1,1,0,0
711.0,H-100-(B)-100 (4x25),H-100,15.0,0.031,0.0,0,0,0,1,1,0,0,0,0
711.0,H-100-(B)-100 (4x25),H-100,15.0,0.031,0.0,0,1,1,0,0,0,0,0,0
711.0,H-100-(B)-100 (4x25),H-100,15.0,0.0466,0.0,0,0,0,0,0,1,1,0,0
813.0,Amx/Clv-875/125-(B)-12,Amx/Clv-875/125,50.0,0.14083333333333,0.0,0,0,0,0,0,0,0,1,0
813.0,Amx/Clv-875/125-(B)-12,Amx/Clv-875/125,50.0,0.14083333333333,0.0,0,0,0,0,0,1,1,0,0
813.0,Amx/Clv-875/125-(B)-12,Amx/Clv-875/125,50.0,0.1575,0.0,0,0,0,0,1,0,0,0,0
813.0,Amx/Clv-875/125-(B)-12,Amx/Clv-875/125,50.0,0.1575,0.0,0,0,0,1,0,0,0,0,0
813.0,Amx/Clv-875/125-(B)-12,Amx/Clv-875/125,50.0,0.16583333333333,0.0,0,1,1,0,0,0,0,0,0
813.0,Amx/Clv-875/125-(B)-12,Amx/Clv-875/125,50.0,0.17333333333333,0.0,0,1,1,0,0,0,0,0,0
818.0,Lnz-600-(B)-20,Lnz-600,5.0,5.5,0.0,0,0,0,1,1,0,0,0,0
818.0,Lnz-600-(B)-20,Lnz-600,5.0,5.75,0.0,0,0,0,0,1,0,0,0,0
818.0,Lnz-600-(B)-20,Lnz-600,24.0,37.0,0.0,0,0,0,0,0,0,0,1,0
818.0,Lnz-600-(B)-20,Lnz-600,65.0,5.35,0.0,0,0,0,0,1,0,0,0,0
818.0,Lnz-600-(B)-20,Lnz-600,65.0,5.39,0.0,0,0,0,0,1,0,0,0,0
818.0,Lnz-600-(B)-20,Lnz-600,65.0,5.42,0.0,0,0,0,0,1,0,0,0,0
818.0,Lnz-600-(B)-20,Lnz-600,65.0,5.48,0.0,0,0,0,0,0,1,1,0,0
818.0,Lnz-600-(B)-20,Lnz-600,65.0,5.48,0.0,0,0,0,0,1,0,0,0,0
818.0,Lnz-600-(B)-20,Lnz-600,65.0,6.9,0.0,0,0,0,1,0,0,0,0,0
818.0,Lnz-600-(B)-20,Lnz-600,65.0,6.9,0.0,0,1,1,0,0,0,0,0,0
819.0,Cfz-50-(L)-100,Cfz-50,33.0,0.6336,0.0,0,0,0,0,0,0,0,1,0
819.0,Cfz-50-(L)-100,Cfz-50,58.0,0.4912,0.0,0,0,0,0,0,1,1,0,0
819.0,Cfz-50-(L)-100,Cfz-50,58.0,0.4912,100.0,0,0,0,0,0,0,0,1,0
819.0,Cfz-50-(L)-100,Cfz-50,58.0,0.501,0.0,0,0,0,0,1,0,0,0,0
819.0,Cfz-50-(L)-100,Cfz-50,58.0,0.5474,0.0,0,0,0,0,0,1,0,0,0
819.0,Cfz-50-(L)-100,Cfz-50,58.0,0.5474,0.0,0,0,0,0,1,0,0,0,0
819.0,Cfz-50-(L)-100,Cfz-50,58.0,0.5478,0.0,0,0,0,0,1,0,0,0,0
819.0,Cfz-50-(L)-100,Cfz-50,58.0,0.6043,0.0,0,0,0,0,0,0,0,1,0
819.0,Cfz-50-(L)-100,Cfz-50,58.0,0.6336,0.0,0,0,0,0,0,0,0,1,0
819.0,Cfz-50-(L)-100,Cfz-50,58.0,0.6336,0.0,0,0,0,0,1,0,0,0,0
819.0,Cfz-50-(L)-100,Cfz-50,58.0,0.6799,0.0,0,0,0,0,0,0,0,1,0
819.0,Cfz-50-(L)-100,Cfz-50,58.0,0.7129,0.0,0,0,0,0,0,0,0,1,0
819.0,Cfz-50-(L)-100,Cfz-50,58.0,0.7129,0.0,0,0,0,0,1,0,0,0,0
839.0,Am-500-(A)-1,Am-500,57.0,1.0,0.0,0,0,0,1,0,0,0,0,0
840.0,Amx/Clv-500/125-(B)-100,Amx/Clv-500/125,17.0,0.1317,0.0,0,0,0,0,0,1,1,0,0
840.0,Amx/Clv-500/125-(B)-100,Amx/Clv-500/125,17.0,0.1322,0.0,0,0,0,0,0,1,1,0,0
840.0,Amx/Clv-500/125-(B)-100,Amx/Clv-500/125,17.0,0.1327,0.0,0,0,0,0,0,1,1,0,0
840.0,Amx/Clv-500/125-(B)-100,Amx/Clv-500/125,17.0,0.1328,0.0,0,0,0,0,0,0,0,1,0
840.0,Amx/Clv-500/125-(B)-100,Amx/Clv-500/125,17.0,0.1332,0.0,0,0,0,0,0,1,1,0,0
840.0,Amx/Clv-500/125-(B)-100,Amx/Clv-500/125,17.0,0.1476,0.0,0,0,0,0,1,0,0,0,0
840.0,Amx/Clv-500/125-(B)-100,Amx/Clv-500/125,17.0,0.1481,0.0,0,0,0,0,1,0,0,0,0
840.0,Amx/Clv-500/125-(B)-100,Amx/Clv-500/125,17.0,0.1486,0.0,0,0,0,0,1,0,0,0,0
840.0,Amx/Clv-500/125-(B)-100,Amx/Clv-500/125,17.0,0.1491,0.0,0,0,0,0,1,0,0,0,0
840.0,Amx/Clv-500/125-(B)-100,Amx/Clv-500/125,17.0,0.1592,0.0,0,0,0,1,0,0,0,0,0
840.0,Amx/Clv-500/125-(B)-100,Amx/Clv-500/125,17.0,0.1599,0.0,0,0,0,1,0,0,0,0,0
840.0,Amx/Clv-500/125-(B)-100,Amx/Clv-500/125,17.0,0.1605,0.0,0,0,0,1,0,0,0,0,0
840.0,Amx/Clv-500/125-(B)-100,Amx/Clv-500/125,17.0,0.1612,0.0,0,0,0,1,0,0,0,0,0
840.0,Amx/Clv-500/125-(B)-100,Amx/Clv-500/125,60.0,0.1021,100.0,0,0,0,0,0,0,0,1,0
840.0,Amx/Clv-500/125-(B)-100,Amx/Clv-500/125,60.0,0.1921,0.0,0,0,0,1,0,0,0,0,0
841.0,Amx/Clv-875/125-(B)-100,Amx/Clv-875/125,17.0,0.213,0.0,0,0,0,0,0,0,0,1,0
841.0,Amx/Clv-875/125-(B)-100,Amx/Clv-875/125,17.0,0.2475,0.0,0,0,0,0,1,0,0,0,0
841.0,Amx/Clv-875/125-(B)-100,Amx/Clv-875/125,17.0,0.2485,0.0,0,0,0,0,1,0,0,0,0
841.0,Amx/Clv-875/125-(B)-100,Amx/Clv-875/125,17.0,0.2495,0.0,0,0,0,0,1,0,0,0,0
841.0,Amx/Clv-875/125-(B)-100,Amx/Clv-875/125,17.0,0.2505,0.0,0,0,0,0,1,0,0,0,0
841.0,Amx/Clv-875/125-(B)-100,Amx/Clv-875/125,60.0,0.118,100.0,0,0,0,0,0,0,0,1,0
841.0,Amx/Clv-875/125-(B)-100,Amx/Clv-875/125,60.0,0.229,0.0,0,0,0,0,1,0,0,0,0
841.0,Amx/Clv-875/125-(B)-100,Amx/Clv-875/125,60.0,0.229,0.0,0,0,0,1,0,0,0,0,0
843.0,Lfx-500-(B)-80,Lfx-500,17.0,0.07025,0.0,0,0,0,1,0,0,0,0,0
843.0,Lfx-500-(B)-80,Lfx-500,17.0,0.071125,0.0,0,0,0,1,0,0,0,0,0
843.0,Lfx-500-(B)-80,Lfx-500,17.0,0.0715,0.0,0,0,0,1,0,0,0,0,0
843.0,Lfx-500-(B)-80,Lfx-500,17.0,0.07275,0.0,0,0,0,1,0,0,0,0,0
844.0,Pto-250-(B)-140,Pto-250,60.0,0.12928571428571,0.0,0,0,0,1,0,0,0,0,0
845.0,Mfx-400-(B)-100,Mfx-400,5.0,0.277,50.0,0,0,0,0,0,0,0,1,0
845.0,Mfx-400-(B)-100,Mfx-400,5.0,0.35,0.0,0,0,0,0,0,1,1,0,0
845.0,Mfx-400-(B)-100,Mfx-400,5.0,0.446,0.0,0,0,0,0,1,0,0,0,0
845.0,Mfx-400-(B)-100,Mfx-400,5.0,0.6451,0.0,0,0,0,1,0,0,0,0,0
845.0,Mfx-400-(B)-100,Mfx-400,26.0,0.2079,10.0,0,0,0,0,0,0,0,1,0
845.0,Mfx-400-(B)-100,Mfx-400,26.0,0.2089,10.0,0,0,0,0,0,0,0,1,0
845.0,Mfx-400-(B)-100,Mfx-400,26.0,0.2095,10.0,0,0,0,0,0,0,0,1,0
845.0,Mfx-400-(B)-100,Mfx-400,60.0,0.247,20.0,0,0,0,0,0,0,0,1,0
845.0,Mfx-400-(B)-100,Mfx-400,65.0,0.29,0.0,0,0,0,0,0,0,0,1,0
845.0,Mfx-400-(B)-100,Mfx-400,65.0,0.338,0.0,0,0,0,0,0,1,1,0,0
845.0,Mfx-400-(B)-100,Mfx-400,74.0,0.265,30.0,0,0,0,0,0,0,0,1,0
845.0,Mfx-400-(B)-100,Mfx-400,74.0,0.275,30.0,0,0,0,0,0,0,0,1,0
845.0,Mfx-400-(B)-100,Mfx-400,74.0,0.31,0.0,0,0,0,0,0,1,1,0,0
845.0,Mfx-400-(B)-100,Mfx-400,74.0,0.32,0.0,0,0,0,0,0,1,1,0,0
845.0,Mfx-400-(B)-100,Mfx-400,74.0,0.34,0.0,0,0,0,0,0,1,1,0,0
845.0,Mfx-400-(B)-100,Mfx-400,74.0,0.39,0.0,0,0,0,0,0,1,1,0,0
846.0,Amx/Clv-250/125-(B)-20,Amx/Clv-250/125,59.0,0.105,0.0,0,0,0,0,0,1,1,0,0
846.0,Amx/Clv-250/125-(B)-20,Amx/Clv-250/125,59.0,0.109,0.0,0,0,0,0,0,1,1,0,0
846.0,Amx/Clv-250/125-(B)-20,Amx/Clv-250/125,59.0,0.115,0.0,0,0,0,0,0,1,1,0,0
846.0,Amx/Clv-250/125-(B)-20,Amx/Clv-250/125,59.0,0.115,0.0,0,0,0,0,1,0,0,0,0
846.0,Amx/Clv-250/125-(B)-20,Amx/Clv-250/125,59.0,0.119,0.0,0,0,0,0,1,0,0,0,0
846.0,Amx/Clv-250/125-(B)-20,Amx/Clv-250/125,59.0,0.12,0.0,0,0,0,0,0,1,1,0,0
846.0,Amx/Clv-250/125-(B)-20,Amx/Clv-250/125,59.0,0.12,0.0,0,0,0,1,0,0,0,0,0
846.0,Amx/Clv-250/125-(B)-20,Amx/Clv-250/125,59.0,0.124,0.0,0,0,0,1,0,0,0,0,0
846.0,Amx/Clv-250/125-(B)-20,Amx/Clv-250/125,59.0,0.125,0.0,0,0,0,0,1,0,0,0,0
846.0,Amx/Clv-250/125-(B)-20,Amx/Clv-250/125,59.0,0.13,0.0,0,0,0,0,1,0,0,0,0
846.0,Amx/Clv-250/125-(B)-20,Amx/Clv-250/125,59.0,0.13,0.0,0,0,0,1,0,0,0,0,0
846.0,Amx/Clv-250/125-(B)-20,Amx/Clv-250/125,59.0,0.135,0.0,0,0,0,1,0,0,0,0,0
846.0,Amx/Clv-250/125-(B)-20,Amx/Clv-250/125,60.0,0.0995,100.0,0,0,0,0,0,0,0,1,0
847.0,Amx/Clv-250/125-(B)-14,Amx/Clv-250/125,17.0,0.11642857142857,0.0,0,0,0,0,0,0,0,1,0
847.0,Amx/Clv-250/125-(B)-14,Amx/Clv-250/125,17.0,0.16,0.0,0,0,0,0,1,0,0,0,0
847.0,Amx/Clv-250/125-(B)-14,Amx/Clv-250/125,17.0,0.16357142857142,0.0,0,0,0,0,1,0,0,0,0
847.0,Amx/Clv-250/125-(B)-14,Amx/Clv-250/125,17.0,0.16714285714285,0.0,0,0,0,0,1,0,0,0,0
847.0,Amx/Clv-250/125-(B)-14,Amx/Clv-250/125,17.0,0.17,0.0,0,0,0,1,0,0,0,0,0
847.0,Amx/Clv-250/125-(B)-14,Amx/Clv-250/125,17.0,0.17071428571428,0.0,0,0,0,0,1,0,0,0,0
847.0,Amx/Clv-250/125-(B)-14,Amx/Clv-250/125,17.0,0.175,0.0,0,0,0,1,0,0,0,0,0
847.0,Amx/Clv-250/125-(B)-14,Amx/Clv-250/125,17.0,0.17928571428571,0.0,0,0,0,1,0,0,0,0,0
847.0,Amx/Clv-250/125-(B)-14,Amx/Clv-250/125,17.0,0.18428571428571,0.0,0,0,0,1,0,0,0,0,0
847.0,Amx/Clv-250/125-(B)-14,Amx/Clv-250/125,60.0,0.20857142857142,0.0,0,0,0,0,1,0,0,0,0
847.0,Amx/Clv-250/125-(B)-14,Amx/Clv-250/125,60.0,0.20857142857142,0.0,0,0,0,1,0,0,0,0,0
849.0,Amx/Clv-250-(BTL)-1,Amx/Clv-250,17.0,1.96,0.0,0,0,0,0,0,1,1,0,0
849.0,Amx/Clv-250-(BTL)-1,Amx/Clv-250,17.0,1.97,0.0,0,0,0,0,1,0,0,0,0
849.0,Amx/Clv-250-(BTL)-1,Amx/Clv-250,17.0,2.01,0.0,0,0,0,0,0,1,1,0,0
849.0,Amx/Clv-250-(BTL)-1,Amx/Clv-250,17.0,2.02,0.0,0,0,0,0,1,0,0,0,0
849.0,Amx/Clv-250-(BTL)-1,Amx/Clv-250,17.0,2.03,0.0,0,0,0,1,0,0,0,0,0
849.0,Amx/Clv-250-(BTL)-1,Amx/Clv-250,17.0,2.06,0.0,0,0,0,0,0,1,1,0,0
849.0,Amx/Clv-250-(BTL)-1,Amx/Clv-250,17.0,2.07,0.0,0,0,0,0,1,0,0,0,0
849.0,Amx/Clv-250-(BTL)-1,Amx/Clv-250,17.0,2.1,0.0,0,0,0,1,0,0,0,0,0
849.0,Amx/Clv-250-(BTL)-1,Amx/Clv-250,17.0,2.11,0.0,0,0,0,0,0,1,1,0,0
849.0,Amx/Clv-250-(BTL)-1,Amx/Clv-250,17.0,2.12,0.0,0,0,0,0,1,0,0,0,0
849.0,Amx/Clv-250-(BTL)-1,Amx/Clv-250,17.0,2.17,0.0,0,0,0,1,0,0,0,0,0
849.0,Amx/Clv-250-(BTL)-1,Amx/Clv-250,17.0,2.23,0.0,0,0,0,1,0,0,0,0,0
849.0,Amx/Clv-250-(BTL)-1,Amx/Clv-250,21.0,1.86,0.0,0,0,0,0,0,1,1,0,0
849.0,Amx/Clv-250-(BTL)-1,Amx/Clv-250,21.0,2.05,0.0,0,0,0,0,0,1,1,0,0
849.0,Amx/Clv-250-(BTL)-1,Amx/Clv-250,21.0,2.23,0.0,0,0,0,0,0,1,1,0,0
849.0,Amx/Clv-250-(BTL)-1,Amx/Clv-250,21.0,2.42,0.0,0,0,0,0,0,1,1,0,0
849.0,Amx/Clv-250-(BTL)-1,Amx/Clv-250,60.0,3.91,0.0,0,0,0,0,1,0,0,0,0
850.0,Bdq-100-(L)-188,Bdq-100,70.0,0.0,0.0,0,0,0,0,0,0,0,1,0
850.0,Bdq-100-(L)-188,Bdq-100,70.0,0.0,0.0,0,0,0,0,1,0,0,0,0
850.0,Bdq-100-(L)-188,Bdq-100,70.0,0.00757978723404,100.0,0,0,0,0,0,1,0,0,0
850.0,Bdq-100-(L)-188,Bdq-100,70.0,4.78723404255319,0.0,0,0,0,0,0,1,1,0,0
850.0,Bdq-100-(L)-188,Bdq-100,70.0,4.78723404255319,0.0,0,0,0,0,1,0,0,0,0
850.0,Bdq-100-(L)-188,Bdq-100,70.0,7.57936170212765,0.0,0,0,0,0,1,0,0,0,0
850.0,Bdq-100-(L)-188,Bdq-100,70.0,7.57978723404255,0.0,0,0,0,0,0,1,1,0,0
850.0,Bdq-100-(L)-188,Bdq-100,70.0,15.95744680851063,0.0,0,0,0,0,0,0,0,1,0
850.0,Bdq-100-(L)-188,Bdq-100,70.0,15.95744680851063,0.0,0,0,0,0,1,0,0,0,0
850.0,Bdq-100-(L)-188,Bdq-100,83.0,0.0,100.0,0,0,0,0,0,0,0,1,0
850.0,Bdq-100-(L)-188,Bdq-100,83.0,0.00757978723404,0.0,0,0,0,0,0,1,1,0,0
850.0,Bdq-100-(L)-188,Bdq-100,83.0,2.12765957446808,100.0,0,0,0,0,0,0,0,1,0
850.0,Bdq-100-(L)-188,Bdq-100,83.0,4.78723404255319,100.0,0,0,0,0,0,0,0,1,0
850.0,Bdq-100-(L)-188,Bdq-100,83.0,7.57978723404255,0.0,0,0,0,0,0,0,0,1,0
850.0,Bdq-100-(L)-188,Bdq-100,83.0,7.57978723404255,100.0,0,0,0,0,0,0,0,1,0
850.0,Bdq-100-(L)-188,Bdq-100,83.0,15.95744680851063,100.0,0,0,0,0,0,0,0,1,0
871.0,Cm-0.5-(V)-80,Cm-0.5,5.0,0.037375,0.0,0,0,0,0,0,0,0,1,0
871.0,Cm-0.5-(V)-80,Cm-0.5,5.0,2.99,0.0,0,0,0,0,0,1,1,0,0
871.0,Cm-0.5-(V)-80,Cm-0.5,5.0,2.99,0.0,0,0,0,1,1,0,0,0,0
872.0,Cm-0.75-(V)-80,Cm-0.75,5.0,0.049875,0.0,0,0,0,0,0,0,0,1,0
872.0,Cm-0.75-(V)-80,Cm-0.75,5.0,3.99,0.0,0,0,0,0,0,1,1,0,0
872.0,Cm-0.75-(V)-80,Cm-0.75,5.0,3.99,0.0,0,0,0,1,1,0,0,0,0
891.0,R-300-(B)-100,R-300,5.0,0.1,100.0,0,0,0,0,0,0,0,1,0
891.0,R-300-(B)-100,R-300,15.0,0.1797,100.0,0,0,0,0,0,1,1,0,0
891.0,R-300-(B)-100,R-300,15.0,0.192,100.0,0,0,0,0,0,1,0,0,0
891.0,R-300-(B)-100,R-300,59.0,0.073,0.0,0,0,0,1,1,0,0,0,0
891.0,R-300-(B)-100,R-300,59.0,0.074,0.0,0,0,0,1,1,0,0,0,0
891.0,R-300-(B)-100,R-300,59.0,0.08,0.0,0,0,0,1,1,0,0,0,0
891.0,R-300-(B)-100,R-300,59.0,0.085,0.0,0,0,0,1,1,0,0,0,0
891.0,R-300-(B)-100,R-300,62.0,0.17,0.0,0,0,0,1,1,0,0,0,0
891.0,R-300-(B)-100,R-300,62.0,0.2,0.0,0,0,0,1,1,0,0,0,0
891.0,R-300-(B)-100,R-300,62.0,0.22,0.0,0,0,0,1,1,0,0,0,0
892.0,R-150-(B)-100,R-150,5.0,0.05,100.0,0,0,0,0,0,1,1,0,0
892.0,R-150-(B)-100,R-150,5.0,0.0544,100.0,0,0,0,0,0,0,0,1,0
892.0,R-150-(B)-100,R-150,5.0,0.0546,100.0,0,0,0,0,0,0,0,1,0
892.0,R-150-(B)-100,R-150,5.0,0.0548,100.0,0,0,0,0,0,0,0,1,0
892.0,R-150-(B)-100,R-150,5.0,0.055,100.0,0,0,0,0,0,0,0,1,0
892.0,R-150-(B)-100,R-150,15.0,0.1485,0.0,0,0,0,0,0,0,0,1,0
892.0,R-150-(B)-100,R-150,59.0,0.037,0.0,0,0,0,1,1,0,0,0,0
892.0,R-150-(B)-100,R-150,59.0,0.038,0.0,0,0,0,1,1,0,0,0,0
892.0,R-150-(B)-100,R-150,59.0,0.042,0.0,0,0,0,1,1,0,0,0,0
892.0,R-150-(B)-100,R-150,59.0,0.047,0.0,0,0,0,1,1,0,0,0,0
892.0,R-150-(B)-100,R-150,62.0,0.14,0.0,0,0,0,1,1,0,0,0,0
892.0,R-150-(B)-100,R-150,62.0,0.16,0.0,0,0,0,1,1,0,0,0,0
897.0,Rbt-150-(L) -100,Rbt-150,4.0,0.8503,100.0,0,0,0,0,1,0,0,0,0
897.0,Rbt-150-(L) -100,Rbt-150,4.0,0.8503,100.0,0,0,0,1,1,0,0,0,0
897.0,Rbt-150-(L) -100,Rbt-150,4.0,0.8539,100.0,0,0,0,0,0,1,1,0,0
897.0,Rbt-150-(L) -100,Rbt-150,4.0,0.9443,100.0,0,0,0,0,0,0,0,1,0
899.0,Z-500-(B)-500,Z-500,15.0,0.04,0.0,0,0,0,1,1,0,0,0,0
903.0,Amx/Clv-125-(BTL)-1,Amx/Clv-125,17.0,1.63,0.0,0,0,0,0,0,1,1,0,0
903.0,Amx/Clv-125-(BTL)-1,Amx/Clv-125,17.0,1.68,0.0,0,0,0,0,0,1,1,0,0
903.0,Amx/Clv-125-(BTL)-1,Amx/Clv-125,17.0,1.72,0.0,0,0,0,0,0,1,1,0,0
903.0,Amx/Clv-125-(BTL)-1,Amx/Clv-125,17.0,1.77,0.0,0,0,0,0,0,1,1,0,0
903.0,Amx/Clv-125-(BTL)-1,Amx/Clv-125,60.0,1.21,100.0,0,0,0,0,0,0,0,1,0
903.0,Amx/Clv-125-(BTL)-1,Amx/Clv-125,60.0,2.2,0.0,0,0,0,0,0,1,1,0,0
903.0,Amx/Clv-125-(BTL)-1,Amx/Clv-125,60.0,2.2,0.0,0,0,0,0,1,0,0,0,0
904.0,Imp/Cls-500/500-(V)-10,Imp/Cls-500/500,11.0,3.5,0.0,0,0,0,0,0,1,1,0,0
904.0,Imp/Cls-500/500-(V)-10,Imp/Cls-500/500,11.0,3.6,0.0,0,0,0,0,0,0,0,1,0
904.0,Imp/Cls-500/500-(V)-10,Imp/Cls-500/500,11.0,3.8,0.0,0,0,0,0,1,0,0,0,0
904.0,Imp/Cls-500/500-(V)-10,Imp/Cls-500/500,68.0,4.69,0.0,0,0,0,0,0,1,1,0,0
904.0,Imp/Cls-500/500-(V)-10,Imp/Cls-500/500,68.0,4.79,0.0,0,0,0,0,0,1,1,0,0
904.0,Imp/Cls-500/500-(V)-10,Imp/Cls-500/500,68.0,6.9,0.0,0,0,0,0,1,0,0,0,0
904.0,Imp/Cls-500/500-(V)-10,Imp/Cls-500/500,68.0,8.23,0.0,0,0,0,0,1,0,0,0,0
904.0,Imp/Cls-500/500-(V)-10,Imp/Cls-500/500,68.0,8.89,0.0,0,0,0,0,1,0,0,0,0
904.0,Imp/Cls-500/500-(V)-10,Imp/Cls-500/500,68.0,10.22,0.0,0,0,0,0,1,0,0,0,0
904.0,Imp/Cls-500/500-(V)-10,Imp/Cls-500/500,74.0,3.068,0.0,0,0,0,0,0,1,1,0,0
904.0,Imp/Cls-500/500-(V)-10,Imp/Cls-500/500,74.0,3.1,100.0,0,0,0,0,0,0,0,1,0
905.0,Lfx-750-(B)-100,Lfx-750,5.0,0.1,0.0,0,0,0,0,0,1,0,0,0
905.0,Lfx-750-(B)-100,Lfx-750,5.0,0.1,0.0,0,0,0,0,1,0,0,0,0
905.0,Lfx-750-(B)-100,Lfx-750,5.0,0.102,100.0,0,0,0,0,0,0,0,1,0
905.0,Lfx-750-(B)-100,Lfx-750,65.0,0.11,0.0,0,0,0,0,0,1,0,0,0
905.0,Lfx-750-(B)-100,Lfx-750,65.0,0.205,0.0,0,0,0,0,0,0,0,1,0
905.0,Lfx-750-(B)-100,Lfx-750,65.0,0.21,0.0,0,0,0,0,1,0,0,0,0
914.0,Clr-500-(B)-100,Clr-500,25.0,0.31,0.0,0,0,0,1,1,0,0,0,0
976.0,3-FDC/RHZ-75/50/150-(B)-84 (28x3),3-FDC/RHZ-75/50/150,5.0,0.03511904761904,0.0,0,0,0,1,1,0,0,0,0
976.0,3-FDC/RHZ-75/50/150-(B)-84 (28x3),3-FDC/RHZ-75/50/150,5.0,0.03619047619047,100.0,0,0,0,0,0,1,1,0,0
976.0,3-FDC/RHZ-75/50/150-(B)-84 (28x3),3-FDC/RHZ-75/50/150,5.0,0.04047619047619,100.0,0,0,0,0,0,0,0,1,0
977.0,2-FDC/RH-75/50-(B)-84 (28x3),2-FDC/RH-75/50,5.0,0.02869047619047,0.0,0,0,0,1,1,0,0,0,0
977.0,2-FDC/RH-75/50-(B)-84 (28x3),2-FDC/RH-75/50,5.0,0.0297619047619,100.0,0,0,0,0,0,1,1,0,0
977.0,2-FDC/RH-75/50-(B)-84 (28x3),2-FDC/RH-75/50,5.0,0.03333333333333,100.0,0,0,0,0,0,0,0,1,0
978.0,Km-0.5-(A)-10,Km-0.5,77.0,0.055,0.0,0,0,0,0,1,0,0,0,0
978.0,Km-0.5-(A)-10,Km-0.5,77.0,0.55,0.0,0,0,0,0,0,1,0,0,0
978.0,Km-0.5-(A)-10,Km-0.5,77.0,0.55,0.0,0,0,0,0,1,0,0,0,0
982.0,Dlm-50-(B)-672,Dlm-50,79.0,2.5297619047619,0.0,0,0,0,0,0,1,0,0,0
982.0,Dlm-50-(B)-672,Dlm-50,79.0,2.5297619047619,0.0,0,0,0,0,0,1,1,0,0
982.0,Dlm-50-(B)-672,Dlm-50,79.0,2.5297619047619,100.0,0,0,0,0,0,0,0,1,0
984.0,Amx/Clv-250/125-(B)-10,Amx/Clv-250/125,17.0,0.148,0.0,0,0,0,0,0,1,1,0,0
984.0,Amx/Clv-250/125-(B)-10,Amx/Clv-250/125,17.0,0.153,0.0,0,0,0,0,0,1,1,0,0
984.0,Amx/Clv-250/125-(B)-10,Amx/Clv-250/125,17.0,0.158,0.0,0,0,0,0,0,1,1,0,0
984.0,Amx/Clv-250/125-(B)-10,Amx/Clv-250/125,17.0,0.163,0.0,0,0,0,0,0,1,1,0,0
985.0,Amx/Clv-500/125-(B)-21,Amx/Clv-500/125,21.0,0.0595238095238,0.0,0,0,0,0,0,1,0,0,0
985.0,Amx/Clv-500/125-(B)-21,Amx/Clv-500/125,21.0,0.06571428571428,0.0,0,0,0,0,0,1,0,0,0
985.0,Amx/Clv-500/125-(B)-21,Amx/Clv-500/125,21.0,0.07190476190476,0.0,0,0,0,0,0,1,0,0,0
985.0,Amx/Clv-500/125-(B)-21,Amx/Clv-500/125,21.0,0.07761904761904,0.0,0,0,0,0,0,1,0,0,0
985.0,Amx/Clv-500/125-(B)-21,Amx/Clv-500/125,21.0,0.12523809523809,0.0,0,0,0,0,0,1,1,0,0
985.0,Amx/Clv-500/125-(B)-21,Amx/Clv-500/125,21.0,0.13809523809523,0.0,0,0,0,0,0,1,1,0,0
985.0,Amx/Clv-500/125-(B)-21,Amx/Clv-500/125,21.0,0.15095238095238,0.0,0,0,0,0,0,1,1,0,0
985.0,Amx/Clv-500/125-(B)-21,Amx/Clv-500/125,21.0,0.16285714285714,0.0,0,0,0,0,0,1,1,0,0
986.0,Amx/Clv-875/125-(B)-16,Amx/Clv-875/125,21.0,0.084375,0.0,0,0,0,0,0,1,0,0,0
986.0,Amx/Clv-875/125-(B)-16,Amx/Clv-875/125,21.0,0.093125,0.0,0,0,0,0,0,1,0,0,0
986.0,Amx/Clv-875/125-(B)-16,Amx/Clv-875/125,21.0,0.101875,0.0,0,0,0,0,0,1,0,0,0
986.0,Amx/Clv-875/125-(B)-16,Amx/Clv-875/125,21.0,0.1125,0.0,0,0,0,0,0,1,0,0,0
986.0,Amx/Clv-875/125-(B)-16,Amx/Clv-875/125,21.0,0.135,0.0,0,0,0,0,0,1,0,0,0
986.0,Amx/Clv-875/125-(B)-16,Amx/Clv-875/125,21.0,0.135,0.0,0,0,0,0,0,1,1,0,0
986.0,Amx/Clv-875/125-(B)-16,Amx/Clv-875/125,21.0,0.14875,0.0,0,0,0,0,0,1,1,0,0
986.0,Amx/Clv-875/125-(B)-16,Amx/Clv-875/125,21.0,0.163125,0.0,0,0,0,0,0,1,1,0,0
986.0,Amx/Clv-875/125-(B)-16,Amx/Clv-875/125,21.0,0.18,0.0,0,0,0,0,0,1,1,0,0
986.0,Amx/Clv-875/125-(B)-16,Amx/Clv-875/125,74.0,0.08875,0.0,0,0,0,0,0,1,0,0,0
987.0,Pyr(B6)-100-(B)-100,Pyr(B6)-100,5.0,0.027,0.0,0,0,0,0,0,1,0,0,0
988.0,Pyr(B6)-50-(B)-100,Pyr(B6)-50,5.0,0.0217,0.0,0,0,0,0,0,1,0,0,0
989.0,Clr-250-(B)-10,Clr-250,17.0,0.171,0.0,0,0,0,0,0,1,1,0,0
989.0,Clr-250-(B)-10,Clr-250,17.0,0.175,0.0,0,0,0,0,0,1,1,0,0
989.0,Clr-250-(B)-10,Clr-250,17.0,0.18,0.0,0,0,0,0,0,1,1,0,0
989.0,Clr-250-(B)-10,Clr-250,17.0,0.185,0.0,0,0,0,0,0,1,1,0,0
990.0,Clr-500-(B)-10,Clr-500,74.0,0.189,0.0,0,0,0,0,0,1,1,0,0
992.0,Cs-250-(L)-40,Cs-250,13.0,0.18575,0.0,0,0,0,0,0,1,0,0,0
994.0,E-800-(B)-100,E-800,5.0,0.1111,0.0,0,0,0,0,0,1,0,0,0
995.0,Eto-125-(B)-100,Eto-125,5.0,0.1,0.0,0,0,0,0,0,1,0,0,0
995.0,Eto-125-(B)-100,Eto-125,60.0,0.0814,100.0,0,0,0,0,0,0,0,1,0
996.0,Km-0.5-(V)-50,Km-0.5,5.0,0.85,0.0,0,0,0,0,0,1,0,0,0
996.0,Km-0.5-(V)-50,Km-0.5,5.0,0.85,100.0,0,0,0,0,0,0,0,1,0
997.0,Km-1-(A)-5,Km-1,77.0,0.63,0.0,0,0,0,0,0,1,0,0,0
998.0,Z-500-(B)-120,Z-500,45.0,0.04666666666666,0.0,0,0,0,0,0,1,1,0,0
998.0,Z-500-(B)-120,Z-500,45.0,0.05208333333333,0.0,0,0,0,0,0,0,0,1,0
999.0,Z-750-(B)-100,Z-750,5.0,0.0256,0.0,0,0,0,0,0,1,0,0,0
1000.0,Mrp-1-(V)-1,Mrp-1,11.0,46.0,0.0,0,0,0,0,0,0,0,1,0
1000.0,Mrp-1-(V)-1,Mrp-1,57.0,3.7,100.0,0,0,0,0,0,0,0,1,0
1000.0,Mrp-1-(V)-1,Mrp-1,57.0,4.1,0.0,0,0,0,0,0,1,0,0,0
1000.0,Mrp-1-(V)-1,Mrp-1,68.0,4.42,0.0,0,0,0,0,0,1,0,0,0
1000.0,Mrp-1-(V)-1,Mrp-1,68.0,4.48,0.0,0,0,0,0,0,1,0,0,0
1001.0,Rpt-150-(B)-24,Rpt-150,22.0,0.625,100.0,0,0,0,0,0,0,0,1,0
1001.0,Rpt-150-(B)-24,Rpt-150,22.0,1.0,0.0,0,0,0,0,0,1,1,0,0
1018.0,2-FDC/RH-300/150-(B)-672,2-FDC/RH-300/150,5.0,0.07738095238095,100.0,0,0,0,0,0,1,1,0,0
1019.0,R-150-(B)-100 (4x25),R-150,15.0,0.1008,100.0,0,0,0,0,0,1,1,0,0
1020.0,Z-500-(B)-672 (84x8),Z-500,62.0,0.04166666666666,0.0,0,0,0,0,0,1,1,0,0
1020.0,Z-500-(B)-672 (84x8),Z-500,62.0,0.04910714285714,0.0,0,0,0,0,0,1,1,0,0
1030.0,E-400-(B)-100 RNTCP (10x10),E-400,5.0,0.0312,0.0,0,0,0,0,0,1,1,0,0
1032.0,H-300-(B)-100 RNTCP (10x10),H-300,5.0,0.0215,0.0,0,0,0,0,0,1,1,0,0
1033.0,Z-400-(B)-100 RNTCP (10x10),Z-400,5.0,0.022,0.0,0,0,0,0,0,1,1,0,0
1037.0,Pyr(B6)-50-(B)-50,Pyr(B6)-50,81.0,0.014,100.0,0,0,0,0,0,0,0,1,0
1037.0,Pyr(B6)-50-(B)-50,Pyr(B6)-50,81.0,0.014,100.0,0,0,0,0,0,1,1,0,0
1038.0,Pyr(B6)-100-(L)-250,Pyr(B6)-100,81.0,0.033,100.0,0,0,0,0,0,0,0,1,0
1038.0,Pyr(B6)-100-(L)-250,Pyr(B6)-100,81.0,0.033,100.0,0,0,0,0,0,1,1,0,0
1040.0,S-1-(V)-10,S-1,85.0,0.52,0.0,0,0,0,0,0,1,1,0,0
1040.0,S-1-(V)-10,S-1,85.0,0.522,0.0,0,0,0,0,0,1,1,0,0
1040.0,S-1-(V)-10,S-1,85.0,0.522,40.0,0,0,0,0,0,0,0,1,0
1040.0,S-1-(V)-10,S-1,85.0,0.541,40.0,0,0,0,0,0,0,0,1,0
1040.0,S-1-(V)-10,S-1,85.0,0.542,0.0,0,0,0,0,0,1,1,0,0
1040.0,S-1-(V)-10,S-1,85.0,0.562,0.0,0,0,0,0,0,1,1,0,0
1040.0,S-1-(V)-10,S-1,85.0,0.562,40.0,0,0,0,0,0,0,0,1,0
1056.0,Cs-125-(B)-100 ,Cs-125,5.0,0.425,100.0,0,0,0,0,0,0,0,1,0
1056.0,Cs-125-(B)-100 ,Cs-125,5.0,0.5,0.0,0,0,0,0,0,1,1,0,0
1057.0,Mfx-100-(B-DT)-100,Mfx-100,5.0,0.85,0.0,0,0,0,0,0,0,0,1,0
1057.0,Mfx-100-(B-DT)-100,Mfx-100,5.0,1.0,100.0,0,0,0,0,0,1,1,0,0
1057.0,Mfx-100-(B-DT)-100,Mfx-100,60.0,0.814,100.0,0,0,0,0,0,0,0,1,0
1059.0,Lfx-100-(B-DT)-100,Lfx-100,5.0,0.85,0.0,0,0,0,0,0,0,0,1,0
1059.0,Lfx-100-(B-DT)-100,Lfx-100,5.0,1.0,0.0,0,0,0,0,0,1,1,0,0
1059.0,Lfx-100-(B-DT)-100,Lfx-100,60.0,0.9,100.0,0,0,0,0,0,0,0,1,0
1060.0,Z-150-(B-DT)-100 ,Z-150,5.0,0.25,0.0,0,0,0,0,0,0,0,1,0
1061.0,E-100-(B-DT)-100,E-100,5.0,0.2125,100.0,0,0,0,0,0,0,0,1,0
1061.0,E-100-(B-DT)-100,E-100,5.0,0.25,0.0,0,0,0,0,0,1,1,0,0
1061.0,E-100-(B-DT)-100,E-100,5.0,0.25,100.0,0,0,0,0,0,0,0,1,0
1062.0,H-100-(B-DT)-100,H-100,5.0,0.085,100.0,0,0,0,0,0,0,0,1,0
1063.0,Z-150-(B-DT)-100 (10x10),Z-150,60.0,0.0136,100.0,0,0,0,0,0,0,0,1,0
1064.0,Eto-125-(B-DT)-100,Eto-125,5.0,0.115,0.0,0,0,0,0,0,0,0,1,0
1064.0,Eto-125-(B-DT)-100,Eto-125,5.0,0.2125,100.0,0,0,0,0,0,0,0,1,0
1064.0,Eto-125-(B-DT)-100,Eto-125,60.0,0.202,100.0,0,0,0,0,0,0,0,1,0
1065.0,Cm-1-(V)-10,Cm-1,85.0,2.17,10.0,0,0,0,0,0,0,0,1,0
1065.0,Cm-1-(V)-10,Cm-1,85.0,2.249,10.0,0,0,0,0,0,0,0,1,0
1065.0,Cm-1-(V)-10,Cm-1,85.0,2.335,10.0,0,0,0,0,0,0,0,1,0
1066.0,Cm-0.5-(V)-1,Cm-0.5,5.0,3.75,100.0,0,0,0,0,0,0,0,1,0
1067.0,4-FDC/RHZE-150/75/400/275-(B)-336,4-FDC/RHZE-150/75/400/275,4.0,0.07068452380952,0.0,0,0,0,0,0,0,0,1,0
1068.0,2-FDC/RH-150/75-(B)-336,2-FDC/RH-150/75,4.0,0.03443452380952,0.0,0,0,0,0,0,0,0,1,0
1069.0,Lnz-600-(B)-100,Lnz-600,5.0,0.97,10.0,0,0,0,0,0,0,0,1,0
1069.0,Lnz-600-(B)-100,Lnz-600,65.0,1.4,60.0,0,0,0,0,0,0,0,1,0
1069.0,Lnz-600-(B)-100,Lnz-600,65.0,1.401,60.0,0,0,0,0,0,0,0,1,0
1073.0,Mrp-1-(V)-10,Mrp-1,11.0,4.6,0.0,0,0,0,0,0,0,0,1,0
1074.0,HPST-Q-TIB-(L)-30,HPST-Q-TIB,13.0,1.99,100.0,0,0,0,0,0,0,0,1,0
1079.0,2-FDC/RH-75/50-(B)-84 (6x14),2-FDC/RH-75/50,4.0,0.04154761904761,0.0,0,0,0,0,0,0,0,1,0
1080.0,Cfz-50-(B)-100,Cfz-50,5.0,0.4862,0.0,0,0,0,0,0,0,0,1,0
1081.0,Cfz-100-(B)-100,Cfz-100,5.0,0.97,0.0,0,0,0,0,0,0,0,1,0
